abstract_key,PMID,Title,Dataset,n_sentences,tertile__within_results_analogue,tertile__conclusion_results_analogue,tertile__final_similarity_to_opening_analogue,tertile__closing_to_opening_analogue,tertile__methods_aim_analogue,tertile__results_aim_analogue,quintile__within_results_analogue,quintile__conclusion_results_analogue,quintile__final_similarity_to_opening_analogue,quintile__closing_to_opening_analogue,quintile__methods_aim_analogue,quintile__results_aim_analogue,template__within_Background_similarity,template__within_Aim_similarity,template__within_Methods_similarity,template__within_Results_similarity,template__within_Conclusion_similarity,template__within_Limitation/Future_similarity,template__conclusion_to_aim_alignment,template__conclusion_to_results_alignment,template__results_to_methods_alignment,template__methods_to_aim_alignment,template__results_to_aim_alignment,template__final_similarity_to_opening_anchor,template__conclusion_to_background_plus_aim_alignment,template__conclusion_plus_future_to_background_plus_aim_alignment
Review::32316357::Does Diabetes Induce the Vascular Endothelial Growth Factor (VEGF) Expression in Periodontal Tissues? A Systematic Review.,32316357,Does Diabetes Induce the Vascular Endothelial Growth Factor (VEGF) Expression in Periodontal Tissues? A Systematic Review.,Review,12,0.2454566696520026,0.7334982752799988,0.8215957283973694,0.7599534392356873,0.6628944873809814,0.6628944873809814,0.0210892512194823,0.3303765952587127,0.8388397097587585,0.7728180885314941,0.7155722379684448,0.1320972144603729,,,0.523164295619597,0.1041847676047607,-0.0643027087830443,,0.6371465921401978,0.6412550210952759,0.677341878414154,0.7845489978790283,0.4681367874145508,0.8388397097587585,0.585423469543457,0.585423469543457
Review::39948158::The impact of e-cigarette use on periodontal health: a systematic review and meta-analysis.,39948158,The impact of e-cigarette use on periodontal health: a systematic review and meta-analysis.,Review,17,0.2170537650916441,0.6884486675262451,0.1337218880653381,0.5254333019256592,0.5559897422790527,0.5559897422790527,0.6180268583312319,0.6488522291183472,0.1151457875967025,0.5339492559432983,0.4552107751369476,0.4582120180130005,0.235138579132206,0.2009629521035888,0.1976277477005729,0.446646058065672,0.1304938704566009,,0.1915701925754547,0.7244150638580322,0.4086211323738098,0.3122832179069519,0.1140049695968627,0.1760083138942718,0.4981836080551147,0.4981836080551147
Review::40897233::Clinical outcomes of periodontal regeneration using biologic agents alone or in combination with graft materials for intrabony defects: A systematic review and meta-analysis.,40897233,Clinical outcomes of periodontal regeneration using biologic agents alone or in combination with graft materials for intrabony defects: A systematic review and meta-analysis.,Review,14,0.3137132315477809,0.5997146368026733,0.5718752145767212,0.5237754583358765,0.426557719707489,0.426557719707489,0.2300331871675497,0.597468912601471,0.5489448308944702,0.5879712700843811,0.4936954975128174,0.3040027618408203,-0.0055460258111492,,0.3268761980951772,0.1827179862677067,0.5581129635085615,,0.1440007090568542,0.5086225271224976,0.5813714265823364,0.2989916503429413,0.171415239572525,0.4788506627082824,0.4347714483737945,0.4347714483737945
Review::39248301::The impact of systemic and topical antimicrobial therapy combined with non-surgical periodontal therapy: A meta-analysis.,39248301,The impact of systemic and topical antimicrobial therapy combined with non-surgical periodontal therapy: A meta-analysis.,Review,13,0.1812805624305056,0.5615938901901245,0.2809991836547851,0.4741144180297851,0.6078783273696899,0.6078783273696899,0.5716024549696849,0.7445160746574402,0.1842320263385772,0.4760236740112304,0.5547800660133362,0.3565026521682739,-0.0328063598576824,,0.1394907908761156,0.3083707442319661,0.602502965184986,,0.6513625383377075,0.7524588108062744,0.3964991569519043,0.4977562129497528,0.4071757197380066,0.294452965259552,0.5427266359329224,0.5427266359329224
Review::27454460::Root coverage procedures improve patient aesthetics. A systematic review and Bayesian network meta-analysis.,27454460,Root coverage procedures improve patient aesthetics. A systematic review and Bayesian network meta-analysis.,Review,8,0.3396042892206295,0.5933699011802673,0.5255393981933594,0.5419975519180298,0.5121285915374756,0.5121285915374756,0.2775199945041141,0.4947925209999084,0.7020816802978516,0.5181844234466553,0.4562151730060577,0.4527853429317474,,,0.3396042892206295,0.1011117633339058,,,0.1521908044815063,0.4051210880279541,0.5672754049301147,0.4130485653877258,0.3292081952095032,0.5255393981933594,0.5255393981933594,0.5255393981933594
Review::26595831::Association of susceptible genotypes to periodontal disease with the clinical outcome and tooth survival after non-surgical periodontal therapy: A systematic review and meta-analysis.,26595831,Association of susceptible genotypes to periodontal disease with the clinical outcome and tooth survival after non-surgical periodontal therapy: A systematic review and meta-analysis.,Review,16,0.1883366124140146,0.3606497943401336,0.4125017523765564,0.6987230777740479,0.3864195346832275,0.3864195346832275,0.2121929923013532,0.507733166217804,0.2476939260959625,0.5866948366165161,0.286495953798294,0.5552986860275269,0.7550503049417245,,0.1907884159088627,0.1840368856530752,0.1626128372523858,,0.0889182984828949,0.5657763481140137,0.5860307216644287,0.2324638217687606,0.1513386368751526,0.2476939260959625,0.509973406791687,0.509973406791687
Review::34246253::Effects of non-surgical periodontal therapy on periodontal clinical data in periodontitis patients with rheumatoid arthritis: a meta-analysis.,34246253,Effects of non-surgical periodontal therapy on periodontal clinical data in periodontitis patients with rheumatoid arthritis: a meta-analysis.,Review,19,0.3329282689849472,0.7140271663665771,0.4368351101875305,0.6500888466835022,0.7386831641197205,0.7386831641197205,0.2535608747288231,0.5406845808029175,0.2743877172470093,0.7111948728561401,0.5436327457427979,0.3822816610336303,0.6590641952914501,0.055150062791796,0.355019016202153,0.2484360999398152,0.3213787556233397,,0.5858625769615173,0.6309102773666382,0.6276212930679321,0.486453652381897,0.4610455632209778,0.3125584125518799,0.7872002124786377,0.7872002124786377
Review::31577700::Association between the IL-10 rs1800872 polymorphisms and periodontitis susceptibility: A meta-analysis.,31577700,Association between the IL-10 rs1800872 polymorphisms and periodontitis susceptibility: A meta-analysis.,Review,12,0.1440179585120829,0.4625259041786194,0.3939539492130279,0.6711953282356262,0.5520649552345276,0.5520649552345276,0.2526392114461349,0.6312063932418823,0.5335072875022888,0.7635166645050049,0.3094921410083771,0.5864455699920654,,,0.1331070914906333,0.2175353305594078,0.438183144330909,,0.7251850962638855,0.6467143297195435,0.5748598575592041,0.3617480993270874,0.6440541744232178,0.5335072875022888,0.7402892708778381,0.7402892708778381
Review::33179280::Is periodontal disease a risk indicator for colorectal cancer? A systematic review and meta-analysis.,33179280,Is periodontal disease a risk indicator for colorectal cancer? A systematic review and meta-analysis.,Review,12,0.2643060489824108,0.6886721849441528,0.5131150484085083,0.7014130353927612,0.669306218624115,0.669306218624115,0.1032632414414419,0.618752121925354,0.4848612546920776,0.5180412530899048,0.4977440237998962,0.3748258650302887,,,0.2787977758511073,0.266337020941611,0.4093600451147228,,0.134405106306076,0.632684588432312,0.7777796983718872,0.3190368115901947,0.2684556245803833,0.4848612546920776,0.5420688390731812,0.5420688390731812
Review::41810713::Oral Health and Oral Hygiene Status Among the Particularly Vulnerable Tribal Groups (PVTGs) of India: A Systematic Review and Meta-Analysis.,41810713,Oral Health and Oral Hygiene Status Among the Particularly Vulnerable Tribal Groups (PVTGs) of India: A Systematic Review and Meta-Analysis.,Review,17,0.2812569642535143,0.6309868097305298,0.1246533542871475,0.6656973958015442,0.56715989112854,0.56715989112854,0.2170577286263967,0.5470302104949951,0.1005526706576347,0.6709996461868286,0.6348444223403931,0.4558595418930053,0.3882993232116829,0.103904927416378,0.3832597279498623,0.2731140263587988,0.2112914027005301,,0.5445896983146667,0.4941610991954803,0.5375962257385254,0.5077903270721436,0.3923682272434234,0.1238384991884231,0.6971403956413269,0.6971403956413269
Review::26897256::Growth factors and beta-tricalcium phosphate in the treatment of periodontal intraosseous defects: A systematic review and meta-analysis of randomised controlled trials.,26897256,Growth factors and beta-tricalcium phosphate in the treatment of periodontal intraosseous defects: A systematic review and meta-analysis of randomised controlled trials.,Review,13,0.3606233679488986,0.3915442824363708,0.3294508457183838,0.6145709156990051,0.4547277092933655,0.4547277092933655,0.2946048064165482,0.2777273654937744,0.3388382196426391,0.4971297085285187,0.1737459748983383,0.3200251162052154,0.0028676490854014,,0.3728243360998353,0.2251473462768597,0.6320096662567041,,0.2381382137537002,0.4979902505874634,0.5367594957351685,0.4113314747810364,0.3903156220912933,0.3326728940010071,0.440620094537735,0.440620094537735
"Review::39808292::Weighing up the potential of ""superfoods"" compounds of green tea or turmeric as adjuncts in comparison to established therapeutical approaches for periodontal disease.",39808292,"Weighing up the potential of ""superfoods"" compounds of green tea or turmeric as adjuncts in comparison to established therapeutical approaches for periodontal disease.",Review,12,0.3481374796590408,0.7124351263046265,0.6031894683837891,0.7019971609115601,0.7258646488189697,0.7258646488189697,0.2379445721248244,0.3044557571411133,0.7645474672317505,0.7372409701347351,0.7635890245437622,0.0082864239811897,,,0.2099342549333243,0.194938771611602,0.0538357620236989,,0.563484787940979,0.7726240158081055,0.6805529594421387,0.6675193309783936,0.6038322448730469,0.7645474672317505,0.6032466888427734,0.6032466888427734
Review::26928597::The concomitant administration of systemic amoxicillin and metronidazole compared to scaling and root planing alone in treating periodontitis: =a systematic review=.,26928597,The concomitant administration of systemic amoxicillin and metronidazole compared to scaling and root planing alone in treating periodontitis: =a systematic review=.,Review,15,0.2547836902950046,0.5871164202690125,0.555341362953186,0.7418588995933533,0.6361590623855591,0.6361590623855591,0.2782981131863682,0.4476729035377502,0.5413336753845215,0.6330935955047607,0.489814817905426,0.6260089874267578,,,0.2326414710501424,0.4083308615217705,0.223020633156495,,0.4646814465522766,0.5560131669044495,0.4131219983100891,0.2162841409444809,0.711645245552063,0.5338495969772339,0.6784265041351318,0.6784265041351318
Review::34608627::Periodontitis and Systemic Lupus Erythematosus: A systematic review and meta-analysis.,34608627,Periodontitis and Systemic Lupus Erythematosus: A systematic review and meta-analysis.,Review,12,0.2096312373611738,0.6160141825675964,0.6472461223602295,0.786978006362915,0.6742100119590759,0.6742100119590759,0.6674544732754528,0.753454327583313,0.4421069920063019,0.5358836650848389,0.6065039038658142,0.4801538586616516,,,0.2001667610657201,0.6363288265904136,0.6523908872742868,,0.2947843074798584,0.8713327646255493,0.6390109062194824,0.4411234259605407,0.3186041414737701,0.4421069920063019,0.5104389786720276,0.5104389786720276
Review::36377800::Periodontitis and risk of immune-mediated systemic conditions: A systematic review and meta-analysis.,36377800,Periodontitis and risk of immune-mediated systemic conditions: A systematic review and meta-analysis.,Review,14,0.2907679034022334,0.6172840595245361,0.4372382760047912,0.5565868616104126,0.6830815672874451,0.6830815672874451,0.3662639708539995,0.681618332862854,0.4609189629554748,0.63861083984375,0.4770486652851105,0.5013567209243774,-0.0439891155900911,,0.2476642631544268,0.2098387146875047,0.6165976457396981,,0.1667823791503906,0.6577075719833374,0.7551931142807007,0.4587401151657104,0.3034064769744873,0.4378626644611358,0.5082341432571411,0.5082341432571411
Review::24880982::Does periodontal treatment influence clinical and biochemical measures for rheumatoid arthritis? A systematic review and meta-analysis.,24880982,Does periodontal treatment influence clinical and biochemical measures for rheumatoid arthritis? A systematic review and meta-analysis.,Review,12,0.1474745950196449,0.6795514822006226,0.910218358039856,0.8116692304611206,0.5268656015396118,0.5268656015396118,0.0978565575608014,0.3443692922592163,0.8753647804260254,0.8451268672943115,0.7005633115768433,0.2291731536388397,,,0.3043833038654548,0.1950264292524279,0.2259352485252057,,0.702716588973999,0.6996055841445923,0.6669241189956665,0.6641192436218262,0.7295347452163696,0.8753647804260254,0.6838240623474121,0.6838240623474121
Review::23151293::Effect of periodontal therapy on prevention of gastric Helicobacter pylori recurrence: a systematic review and meta-analysis.,23151293,Effect of periodontal therapy on prevention of gastric Helicobacter pylori recurrence: a systematic review and meta-analysis.,Review,11,0.336475101793559,0.451766699552536,0.1486555933952331,0.7531799674034119,0.2283197045326233,0.2283197045326233,0.0951676452090045,0.6222166419029236,0.1117263883352279,0.5341647267341614,0.4359704554080963,0.6843444108963013,,,0.2218140736921866,0.1409619650078881,0.0294576468675666,,0.7089876532554626,0.6643729209899902,0.6792228817939758,0.4542926549911499,0.5292112827301025,0.1117263883352279,0.711688756942749,0.711688756942749
Review::37023342::Prevalence of periodontal disease among Vietnamese adults: A systematic review and meta-analysis.,37023342,Prevalence of periodontal disease among Vietnamese adults: A systematic review and meta-analysis.,Review,10,0.4438748773040006,0.6400997042655945,0.3225991129875183,0.5802454948425293,0.6657036542892456,0.6657036542892456,0.3494792205345838,0.5279324054718018,0.3456998467445373,0.4396569728851318,0.6746187210083008,0.491271048784256,,,0.3722051728005351,0.4031787781356581,0.5211800931804237,,0.4731658697128296,0.5089146494865417,0.7713961005210876,0.4042214751243591,0.347693532705307,0.3456998467445373,0.4396569728851318,0.4396569728851318
Review::27825315::Periodontitis and gestational diabetes mellitus: a systematic review and meta-analysis of observational studies.,27825315,Periodontitis and gestational diabetes mellitus: a systematic review and meta-analysis of observational studies.,Review,18,0.3940001834056016,0.8308665156364441,0.7638833522796631,0.6600648164749146,0.6951943635940552,0.6951943635940552,0.5368809016329698,0.7845845818519592,0.5522183179855347,0.4551208615303039,0.4852480888366699,0.5614866018295288,0.5752419587730412,,0.3203481831397877,0.3607375742528865,0.2730937616489419,,0.649478554725647,0.7644782066345215,0.7937753200531006,0.6379436254501343,0.5402878522872925,0.5522183179855347,0.5321162939071655,0.5321162939071655
Review::32051966::Association Between Periodontitis and Nosocomial Pneumonia: A Systematic Review and Meta-analysis of Observational Studies.,32051966,Association Between Periodontitis and Nosocomial Pneumonia: A Systematic Review and Meta-analysis of Observational Studies.,Review,13,0.4644967677793639,0.4280316829681396,0.4157228469848633,0.590247392654419,0.4782748222351074,0.4782748222351074,0.3006914425455755,0.5009883046150208,0.5777376890182495,0.6755470633506775,0.152008518576622,0.3869693279266357,-0.0151235082935414,,0.3649339598796615,0.2574334465361605,0.8447016712562575,,0.040177971124649,0.3667084574699402,0.5854610204696655,0.5001886487007141,0.4430429935455322,0.4579513072967529,0.4999406337738037,0.4999406337738037
Review::31969148::Effects of non-surgical periodontal therapy on systemic inflammation and metabolic markers in patients undergoing haemodialysis and/or peritoneal dialysis: a systematic review and meta-analysis.,31969148,Effects of non-surgical periodontal therapy on systemic inflammation and metabolic markers in patients undergoing haemodialysis and/or peritoneal dialysis: a systematic review and meta-analysis.,Review,14,0.334106092685703,0.7674952745437622,0.4668140411376953,0.5182123184204102,0.648625373840332,0.648625373840332,0.2227194956534855,0.6294827461242676,0.4771490097045898,0.3805328607559204,0.4240718781948089,0.3803069591522217,-0.0206624484731212,,0.3312281346743331,0.294740026420186,0.5725081083053248,,0.2847384214401245,0.6902454495429993,0.6660444736480713,0.531457781791687,0.3200010955333709,0.4744814038276672,0.4310898780822754,0.4310898780822754
Review::36261851::The effect of antiretroviral therapyon the periodontal conditions of patients with HIV infection: A systematic review and meta-analysis.,36261851,The effect of antiretroviral therapyon the periodontal conditions of patients with HIV infection: A systematic review and meta-analysis.,Review,16,0.4083396749602324,0.6927161812782288,0.5248738527297974,0.5715031623840332,0.3690828680992126,0.3690828680992126,0.4455449243375679,0.5269283652305603,0.6350972056388855,0.5820000767707825,0.399388313293457,0.2247408777475357,0.7419164358536738,,0.1986171325006696,0.3773643468402508,0.1789093520668311,,0.3194181323051452,0.3528054356575012,0.6558637022972107,0.1676110029220581,0.290942519903183,0.6350972056388855,0.6691023707389832,0.6691023707389832
Review::20024665::Photodynamic therapy as an adjunctive treatment for chronic periodontitis: a meta-analysis.,20024665,Photodynamic therapy as an adjunctive treatment for chronic periodontitis: a meta-analysis.,Review,12,0.1841029707573949,0.4315898418426513,0.2063877433538437,0.4135220944881439,0.2728894352912903,0.2728894352912903,0.1376776932180907,0.449343204498291,0.0140281599014997,0.1586400270462036,0.329881489276886,0.149713709950447,,,0.1991781685592987,0.1689739878922007,0.3849989005647085,,0.1088288351893425,0.5261703729629517,0.5533202886581421,0.3836825489997864,0.2093569934368133,0.0140281599014997,0.0778297036886215,0.0778297036886215
Review::40335202::PERIODONTITIS AS A RISK FACTOR FOR DEMENTIA: A SYSTEMATIC REVIEW AND META-ANALYSIS.,40335202,PERIODONTITIS AS A RISK FACTOR FOR DEMENTIA: A SYSTEMATIC REVIEW AND META-ANALYSIS.,Review,13,0.2319860042941302,0.4212180376052856,0.5982547998428345,0.6842186450958252,0.5098414421081543,0.5098414421081543,0.4310332549157888,0.8308299779891968,0.5350631475448608,0.6172196865081787,0.5859679579734802,0.5990609526634216,-0.0156975576960325,,0.2012471285781988,0.5366749584705768,0.7229247512248108,,0.8684622049331665,0.8227561116218567,0.4011809825897217,0.4135078489780426,0.8688534498214722,0.6631907224655151,0.7943834662437439,0.7943834662437439
"Review::38629069::Higher odds of periodontitis in systemic lupus erythematosus compared to controls and rheumatoid arthritis: a systematic review, meta-analysis and network meta-analysis.",38629069,"Higher odds of periodontitis in systemic lupus erythematosus compared to controls and rheumatoid arthritis: a systematic review, meta-analysis and network meta-analysis.",Review,12,0.7363630442355346,0.7385505437850952,0.2654309868812561,0.6676433086395264,0.7513086795806885,0.7513086795806885,0.0522861846112443,0.600109338760376,0.1726158857345581,0.719243049621582,0.833633542060852,0.5754448771476746,,,0.2820133789864835,0.4367223707469225,0.2323903295442713,,0.4823880791664123,0.5279161930084229,0.787757396697998,0.8346855044364929,0.7556808590888977,0.1726158857345581,0.5062172412872314,0.5062172412872314
Review::27796062::Oral health status of children and young adults with autism spectrum disorders: systematic review and meta-analysis.,27796062,Oral health status of children and young adults with autism spectrum disorders: systematic review and meta-analysis.,Review,13,0.2524267114584884,0.7511916160583496,0.7858812808990479,0.7376112937927246,0.6832363605499268,0.6832363605499268,0.129550803947659,0.5907890200614929,0.7354402542114258,0.6256047487258911,0.638369083404541,0.3610350489616394,0.4256486958193211,,0.1975975395548181,0.2102536388261282,0.0046485199179074,,0.6939226388931274,0.6180312633514404,0.7282238006591797,0.7238751649856567,0.6305913329124451,0.8575531244277954,0.6331768035888672,0.6331768035888672
Review::35797566::A Systematic Review and Meta-Analysis of the Association Between Periodontal Disease and Severe Mental Illness.,35797566,A Systematic Review and Meta-Analysis of the Association Between Periodontal Disease and Severe Mental Illness.,Review,15,0.2536168079760524,0.7205124497413635,0.5031803846359253,0.6279940009117126,0.6668699979782104,0.6668699979782104,0.5357951860404078,0.7639967799186707,0.5046548247337341,0.6641120910644531,0.5877357721328735,0.5322628617286682,,,0.2880656917468836,0.3022969746666039,0.1723781597161313,,0.6309773325920105,0.6777253150939941,0.7341780662536621,0.6361609697341919,0.3900133967399597,0.4192620813846588,0.4970580339431762,0.4970580339431762
Review::33864280::Periodontal health status of children and adolescents with diabetes mellitus: a systematic review and meta-analysis.,33864280,Periodontal health status of children and adolescents with diabetes mellitus: a systematic review and meta-analysis.,Review,8,0.3255225659353594,0.3270215392112732,0.5024293661117554,0.4499560594558716,0.2651981711387634,0.2651981711387634,0.127277007874032,0.6258831024169922,0.182482048869133,0.2605838179588318,0.2328549474477768,0.1661161035299301,,,0.3255225659353594,0.7946714680958328,,,0.6372470259666443,0.4065149128437042,0.2961980402469635,0.3279059529304504,0.2947083413600921,0.5024293661117554,0.5024293661117554,0.5024293661117554
Review::25261053::Global burden of severe periodontitis in 1990-2010: a systematic review and meta-regression.,25261053,Global burden of severe periodontitis in 1990-2010: a systematic review and meta-regression.,Review,11,0.322654950561625,0.7378758788108826,0.3193846940994262,0.3934728503227234,0.5471225380897522,0.5471225380897522,0.8407304478406562,0.7078184485435486,0.3675344288349151,0.4520166516304016,0.5974310636520386,0.3632475733757019,,,0.274612982270714,0.6824129446227669,0.3745938812404282,,0.1453753262758255,0.6772600412368774,0.5274289846420288,0.5128217935562134,0.1531802117824554,0.3675344288349151,0.4844701588153839,0.4844701588153839
Review::37173720::Periostin level in gingival crevicular fluid in periodontal disease: a systematic review and meta-analysis.,37173720,Periostin level in gingival crevicular fluid in periodontal disease: a systematic review and meta-analysis.,Review,17,0.2770436295350066,0.4820187389850616,0.1516286432743072,0.6505520343780518,0.2459409683942794,0.2459409683942794,0.1857169767236232,0.6980277895927429,0.0971529334783554,0.5517290830612183,0.2512277960777282,0.414883017539978,0.108208416910258,0.7282237623600716,0.2339617316617232,0.2376201672906704,0.1158520998002954,,0.5236235857009888,0.6556534171104431,0.6047636270523071,0.1538505107164383,0.6349702477455139,0.1319048553705215,0.4963529109954834,0.4963529109954834
Review::35119242::Is there an association between periodontal diseases and ABO blood group? Systematic review and meta-analysis.,35119242,Is there an association between periodontal diseases and ABO blood group? Systematic review and meta-analysis.,Review,18,0.2631133622063633,0.6037790179252625,0.0788565874099731,0.646163821220398,0.5193538665771484,0.5193538665771484,0.3693676138438844,0.4112902283668518,0.1122294962406158,0.4990383088588714,0.4465497732162475,0.2814331352710724,0.0306615398481735,,0.2318251179117222,0.300137052693581,0.0445772982627425,,0.1072444692254066,0.4958589076995849,0.6621710658073425,-0.0187082793563604,-0.0109354807063937,0.1122294962406158,0.4142763614654541,0.4142763614654541
Review::40576216::The Impacts of Probiotics Supplementation on the Treatment of Periodontitis: An Umbrella Meta-Analysis.,40576216,The Impacts of Probiotics Supplementation on the Treatment of Periodontitis: An Umbrella Meta-Analysis.,Review,13,0.2990937988881134,0.5437800288200378,0.7928174734115601,0.634783923625946,0.3039772510528564,0.3039772510528564,0.3243983764185799,0.5723006725311279,0.8527899980545044,0.572478175163269,0.4454130232334137,0.5086544752120972,0.780425870992891,,0.2499287006528518,0.2445798544868988,0.0171525889941516,,0.0678541660308837,0.5462090969085693,0.6202675104141235,0.2637558877468109,0.2383343130350113,0.7638509273529053,0.5636584162712097,0.5636584162712097
Review::26881700::Clinical research activity in periodontal medicine: a systematic mapping of trial registers.,26881700,Clinical research activity in periodontal medicine: a systematic mapping of trial registers.,Review,11,0.5328900023621096,0.7774225473403931,0.7662060856819153,0.8028939962387085,0.6836766004562378,0.6836766004562378,0.3914448145733413,0.2330067753791809,0.8232700824737549,0.922391951084137,0.7805033922195435,0.2875939607620239,,,0.3691802215400452,0.2831339816770654,0.7520670943106359,,0.8713619709014893,0.5244547724723816,0.6916139125823975,0.685513973236084,0.4876278042793274,0.8232700824737549,0.8764594197273254,0.8764594197273254
"Review::40218924::The Role of Vitamin B Complex in Periodontal Disease: A Systematic Review Examining Supplementation Outcomes, Age Differences in Children and Adults, and Aesthetic Changes.",40218924,"The Role of Vitamin B Complex in Periodontal Disease: A Systematic Review Examining Supplementation Outcomes, Age Differences in Children and Adults, and Aesthetic Changes.",Review,11,0.3221719505765548,0.7296099066734314,0.8986468315124512,0.8543065190315247,0.6423420906066895,0.6423420906066895,0.6654366133866596,0.7237613797187805,0.9052590131759644,0.8319755792617798,0.6634417772293091,0.7947490215301514,,,0.3354089409935204,0.4721681407732461,0.8018704364220899,,0.88758385181427,0.8016780614852905,0.7128421068191528,0.7110668420791626,0.741796612739563,0.9052590131759644,0.899051308631897,0.899051308631897
Review::33904994::Association between clinical measures of gingival inflammation and obesity in adults: systematic review and meta-analyses.,33904994,Association between clinical measures of gingival inflammation and obesity in adults: systematic review and meta-analyses.,Review,17,0.1950566801612437,0.6438660025596619,0.8067200183868408,0.8209460973739624,0.6499150991439819,0.6499150991439819,0.8087744247171563,0.8497344255447388,0.7693960070610046,0.7403665781021118,0.582754909992218,0.6958801746368408,-0.0520396863143735,0.3133234530400708,0.2439566431748916,0.2597709171001314,0.8400470499865894,,0.6248242855072021,0.8176753520965576,0.7706149816513062,0.6729457378387451,0.6022129058837891,0.740651547908783,0.6973308324813843,0.6973308324813843
Review::26932392::The effectiveness of low-level laser therapy as an adjunct to non-surgical periodontal treatment: a meta-analysis.,26932392,The effectiveness of low-level laser therapy as an adjunct to non-surgical periodontal treatment: a meta-analysis.,Review,14,0.2777318543661696,0.6309553384780884,0.6344929933547974,0.6412865519523621,0.5638355016708374,0.5638355016708374,0.1823664793869383,0.6599887609481812,0.4196960926055908,0.3780055046081543,0.3236064910888672,0.3568408489227295,-0.0531463329079993,,0.3738886371439319,0.2875787460892471,0.2421681503061804,,0.3838373124599457,0.6551898121833801,0.4835810661315918,0.1524664908647537,0.5139544010162354,0.5434081554412842,0.4904837012290954,0.4904837012290954
Review::35061134::Role of proinflammatory mutations in peri-implantitis: systematic review and meta-analysis.,35061134,Role of proinflammatory mutations in peri-implantitis: systematic review and meta-analysis.,Review,12,0.1876233978149434,0.6123881340026855,0.4084191620349884,0.6321285963058472,0.6097027659416199,0.6097027659416199,0.4539887179982933,0.4592175483703613,0.2933393120765686,0.4985345602035522,0.5177117586135864,0.4810171723365783,,,0.3243831106269303,0.1950140531652913,0.5341079802279558,,0.5389883518218994,0.4405901432037353,0.4658465981483459,0.564987063407898,0.4793968200683594,0.2933393120765686,0.4211315512657165,0.4211315512657165
Review::27585589::Do periapical and periodontal pathologies affect Schneiderian membrane appearance? Systematic review of studies using cone-beam computed tomography.,27585589,Do periapical and periodontal pathologies affect Schneiderian membrane appearance? Systematic review of studies using cone-beam computed tomography.,Review,13,0.2954957887490865,0.7020264863967896,0.4011298716068268,0.4128469824790954,0.4986802041530609,0.4986802041530609,0.6351265635924024,0.7222506999969482,0.4164822399616241,0.5117251873016357,0.4581552147865295,0.5192999243736267,0.0662388014282501,,0.2687652065415216,0.6477325024654339,0.2816239544548796,,0.0996733456850051,0.6087809205055237,0.4876075983047485,0.1720155030488968,-0.0237374473363161,0.3803290128707886,0.405098557472229,0.405098557472229
Review::36746669::Effects of periodontal treatment on the C-reactive protein levels in hemodialysis patients: A systematic review and meta-analysis.,36746669,Effects of periodontal treatment on the C-reactive protein levels in hemodialysis patients: A systematic review and meta-analysis.,Review,15,0.2597978615175358,0.6667324304580688,0.3992871046066284,0.6012998819351196,0.5143305659294128,0.5143305659294128,0.2714600047019987,0.3226338922977447,0.2990472912788391,0.6039137840270996,0.5231883525848389,0.1492655426263809,,,0.2905272208063776,0.2202172964749412,0.1846061514402438,,0.153171420097351,0.4833151698112488,0.6537156105041504,0.141465276479721,0.0487937144935131,0.2290187776088714,0.5084480047225952,0.5084480047225952
Review::30154031::Bariatric surgery and periodontal status: A systematic review with meta-analysis.,30154031,Bariatric surgery and periodontal status: A systematic review with meta-analysis.,Review,16,0.1876532563583056,0.4304121732711792,0.7235206365585327,0.6665201783180237,0.2588945627212524,0.2588945627212524,0.3586278454712753,0.5605529546737671,0.5367286205291748,0.5734560489654541,0.4737921357154846,0.3851129710674286,-0.113910503902775,,0.1564409422594252,0.2686844607829494,0.1885723820965245,,0.3555335998535156,0.5981554388999939,0.5060827136039734,0.2581460475921631,0.3121985197067261,0.5367286205291748,0.5887022018432617,0.5887022018432617
Review::34495401::Prevalence of red and orange microbial complexes in endodontic-periodontal lesions: a systematic review and meta-analysis.,34495401,Prevalence of red and orange microbial complexes in endodontic-periodontal lesions: a systematic review and meta-analysis.,Review,15,0.2715669620493785,0.7716749906539917,0.3744839429855346,0.3481002449989319,0.6000226736068726,0.6000226736068726,0.5562798866941229,0.8175822496414185,0.531031608581543,0.5190116167068481,0.4913837909698486,0.4294179081916809,,,0.233664555281957,0.3970614311828715,0.6411754716596092,,-0.007879527285695,0.829207718372345,0.4001936912536621,0.0070060174912214,0.0395818427205085,0.5992899537086487,0.566983163356781,0.566983163356781
"Review::41253726::Depression is associated with periodontitis, dental caries and edentulism: A systematic review and meta-analysis of observational studies.",41253726,"Depression is associated with periodontitis, dental caries and edentulism: A systematic review and meta-analysis of observational studies.",Review,12,0.3560786426061927,0.736346960067749,0.6230026483535767,0.7405300736427307,0.6047170162200928,0.6047170162200928,0.1268568113735197,0.3959590494632721,0.6586835384368896,0.7852064371109009,0.6709939241409302,0.4291913509368896,,,0.3167419608219495,0.2123543631466538,0.652036831755926,,0.6435257196426392,0.3672581613063812,0.5950818061828613,0.6682329177856445,0.3553810119628906,0.6586835384368896,0.84157395362854,0.84157395362854
Review::24697584::Systematic review of the adjunctive use of diode and Nd:YAG lasers for nonsurgical periodontal instrumentation.,24697584,Systematic review of the adjunctive use of diode and Nd:YAG lasers for nonsurgical periodontal instrumentation.,Review,10,0.3147810279896068,0.4382939338684082,0.6357065439224243,0.7579169273376465,0.2004682272672653,0.2004682272672653,0.0617073854445123,0.4259870052337646,0.6326448917388916,0.8217752575874329,0.491331398487091,0.4304076433181762,,,0.1602815106164002,0.1971938645640512,0.6819065381564898,,0.8218696713447571,0.3728532195091247,0.6165193319320679,0.5401749610900879,0.2802300453186035,0.6326448917388916,0.8217752575874329,0.8217752575874329
Review::26329272::Efficacy of adjunctive laser in non-surgical periodontal treatment: a systematic review and meta-analysis.,26329272,Efficacy of adjunctive laser in non-surgical periodontal treatment: a systematic review and meta-analysis.,Review,8,0.1848802440239203,0.549662172794342,0.6080169677734375,0.5971866846084595,0.4947925209999084,0.4947925209999084,0.2829047545808387,0.5542711019515991,0.7567602396011353,0.6121423840522766,0.39101642370224,0.5156656503677368,,,0.1848802440239203,0.2281898443284282,,,0.2301943898200988,0.3358966708183288,0.4351224899291992,0.4013227522373199,0.255354642868042,0.6080169677734375,0.608017086982727,0.608017086982727
Review::39185624::Association between Periodontal Diseases and the Risk of Site-Specific Gastrointestinal Cancers: A Systematic Review and Meta-Analysis.,39185624,Association between Periodontal Diseases and the Risk of Site-Specific Gastrointestinal Cancers: A Systematic Review and Meta-Analysis.,Review,13,0.3138564238928418,0.7715252041816711,0.4973104000091553,0.6254013180732727,0.7472126483917236,0.7472126483917236,0.8758203440978072,0.8521356582641602,0.6472615003585815,0.6962834000587463,0.5243115425109863,0.705786943435669,0.0754840550349397,,0.2778426315520845,0.6431113738032112,0.8439275550199022,,0.2114085555076599,0.9019988775253296,0.5721412897109985,0.4309762716293335,0.3085474371910095,0.5752737522125244,0.6371787786483765,0.6371787786483765
Review::36353241::Obesity and periodontitis: A systematic review and updated meta-analysis.,36353241,Obesity and periodontitis: A systematic review and updated meta-analysis.,Review,14,0.2575572747293225,0.7293374538421631,0.275570273399353,0.709775447845459,0.6511362791061401,0.6511362791061401,0.3203788888541087,0.1995377242565155,0.1726348400115966,0.8028689622879028,0.5907418131828308,0.1667714715003967,0.8453553995151899,,0.2379234208209307,0.2208057020945921,0.1498985638566312,,0.2578445672988891,0.3697943091392517,0.6691945195198059,0.4572826325893402,0.3441885411739349,0.2314198464155197,0.6257867813110352,0.6257867813110352
"Review::27617985::A Systematic Review on the Implication of Minerals in the Onset, Severity and Treatment of Periodontal Disease.",27617985,"A Systematic Review on the Implication of Minerals in the Onset, Severity and Treatment of Periodontal Disease.",Review,9,0.427935794019193,0.7227933406829834,0.368848979473114,0.3985975384712219,0.6814675331115723,0.6814675331115723,0.4750178285571244,0.6034185886383057,0.2460831403732299,0.1814083456993103,0.6082398295402527,0.5787954330444336,,,0.3729198751282468,0.4588004040763451,,,0.1746819019317627,0.6398486495018005,0.7248257994651794,0.4233303070068359,0.395790547132492,0.2305397093296051,0.2305397093296051,0.2305397093296051
Review::39343995::Periodontitis and Oral Health-Related Quality of Life: A Systematic Review and Meta-Analysis.,39343995,Periodontitis and Oral Health-Related Quality of Life: A Systematic Review and Meta-Analysis.,Review,12,0.2290320567453942,0.7192938923835754,0.6557477712631226,0.5371246933937073,0.4870143532752991,0.4870143532752991,0.5516942433796935,0.5468419194221497,0.5309760570526123,0.3877431750297546,0.3644325733184814,0.5392485857009888,,,0.0906722816113855,0.3041183670129988,0.0574407774223751,,0.0385099127888679,0.6519278883934021,0.6528695821762085,0.0820206552743911,-0.0106607899069786,0.5309760570526123,0.4575597047805786,0.4575597047805786
Review::32052179::Clinical efficacy of minimally invasive surgical (MIS) and non-surgical (MINST) treatments of periodontal intra-bony defect. A systematic review and network meta-analysis of RCT's.,32052179,Clinical efficacy of minimally invasive surgical (MIS) and non-surgical (MINST) treatments of periodontal intra-bony defect. A systematic review and network meta-analysis of RCT's.,Review,16,0.2625094795343275,0.506169319152832,0.6255612969398499,0.6809592843055725,0.6010006666183472,0.6010006666183472,0.3041280539763236,0.3543777465820312,0.4486048817634582,0.6097903847694397,0.4877131283283233,0.2858575880527496,0.0575775876132574,,0.2757800696784119,0.2561848694720633,0.2610117206948089,,0.2196731120347976,0.4204587340354919,0.5844758749008179,0.3675712347030639,0.1993551850318908,0.4486048817634582,0.5915254950523376,0.5915254950523376
Review::32233092::Do patients with aggressive and chronic periodontitis exhibit specific differences in the subgingival microbial composition? A systematic review.,32233092,Do patients with aggressive and chronic periodontitis exhibit specific differences in the subgingival microbial composition? A systematic review.,Review,11,0.4338195465755006,0.5624052882194519,0.3647473156452179,0.5378280878067017,0.7218705415725708,0.7218705415725708,0.1775989367418048,0.5700509548187256,0.375328004360199,0.453196108341217,0.6260706782341003,0.4373967051506042,,,0.4832685335087307,0.3224424475898691,0.0724950918043251,,0.348787397146225,0.5118411779403687,0.591641366481781,0.5278663635253906,0.5890367031097412,0.375328004360199,0.313995897769928,0.313995897769928
"Clinical::28321995::Clinical and microbiological efficacy of 4% Garcinia mangostana L. pericarp gel as local drug delivery in the treatment of chronic periodontitis: A randomized, controlled clinical trial.",28321995,"Clinical and microbiological efficacy of 4% Garcinia mangostana L. pericarp gel as local drug delivery in the treatment of chronic periodontitis: A randomized, controlled clinical trial.",Clinical,10,0.4329998371171106,0.6343277096748352,0.553158164024353,0.6178861856460571,0.3928151726722717,0.3928151726722717,0.1295345559296199,0.2516796290874481,0.6761857271194458,0.6807622909545898,0.5216058492660522,0.3583728075027466,,,0.2392111437680427,0.2370516759850983,0.8111129575079051,,0.3348450660705566,0.2862001657485962,0.4379923939704895,0.4582369327545166,0.3384051918983459,0.6761857271194458,0.6807622909545898,0.6807622909545898
Clinical::28474968::Additive Effect of Plasma Rich in Growth Factors With Guided Tissue Regeneration in Treatment of Intrabony Defects in Patients With Chronic Periodontitis: A Split-Mouth Randomized Controlled Clinical Trial.,28474968,Additive Effect of Plasma Rich in Growth Factors With Guided Tissue Regeneration in Treatment of Intrabony Defects in Patients With Chronic Periodontitis: A Split-Mouth Randomized Controlled Clinical Trial.,Clinical,16,0.3710953509214577,0.6893460750579834,0.3772778809070587,0.3696699738502502,0.2897170484066009,0.2897170484066009,0.3637109961860598,0.5440935492515564,0.3332887291908264,0.2893140614032745,0.4885069131851196,0.2008999586105346,0.206677862687282,,0.211910741224704,0.4486337165110788,0.3117523321665721,,0.3878299593925476,0.3804339170455932,0.4867452383041382,0.4811139404773712,0.1446216255426406,0.3332887291908264,0.3132076859474182,0.3132076859474182
Clinical::36414947::Effects of omega-3 supplementation as an adjunct to non-surgical periodontal therapy on periodontal parameters in periodontitis patients: a randomized clinical trial.,36414947,Effects of omega-3 supplementation as an adjunct to non-surgical periodontal therapy on periodontal parameters in periodontitis patients: a randomized clinical trial.,Clinical,10,0.1618088785743327,0.5898581743240356,0.6856052875518799,0.4381764531135559,0.521782636642456,0.521782636642456,0.5814830949229937,0.4654032588005066,0.5963770747184753,0.4642362892627716,0.4705170392990112,0.1945914179086685,,,0.3737532996852045,0.4445555357098518,0.1505813728875071,,0.6459391713142395,0.4891104698181152,0.2871938645839691,0.6546773910522461,0.1895955801010131,0.5963770747184753,0.4642362892627716,0.4642362892627716
Clinical::27013640::Amoxicillin Plus Metronidazole Therapy for Patients with Periodontitis and Type 2 Diabetes: A 2-year Randomized Controlled Trial.,27013640,Amoxicillin Plus Metronidazole Therapy for Patients with Periodontitis and Type 2 Diabetes: A 2-year Randomized Controlled Trial.,Clinical,8,0.2510443753144708,0.4093809425830841,0.6958686113357544,0.5682774782180786,0.4284052848815918,0.4284052848815918,0.3071858718653721,0.3505617380142212,0.6117836833000183,0.4716545939445495,0.3832079172134399,0.3267385363578796,,,0.2510443753144708,0.4381107950411937,,,0.5568583011627197,0.3780901432037353,0.4219100475311279,0.3913739919662475,0.3545601963996887,0.6958686113357544,0.6958686709403992,0.6958686709403992
Clinical::40631715::Evaluation of the periodontal status and systemic diseases in dental patients in Turkey.,40631715,Evaluation of the periodontal status and systemic diseases in dental patients in Turkey.,Clinical,12,0.2075131964310891,0.6977096796035767,0.5092004537582397,0.6786999702453613,0.6102762222290039,0.6102762222290039,0.5467619417693493,0.6975780725479126,0.4362625479698181,0.5187627673149109,0.442852258682251,0.4540759027004242,,,0.1572530113538816,0.5379388793742833,-0.0617185093609289,,0.5033838152885437,0.5549118518829346,0.4906421899795532,0.318259984254837,0.6979290246963501,0.4362625479698181,0.4995976090431213,0.4995976090431213
Clinical::21059869::FGF-2 stimulates periodontal regeneration: results of a multi-center randomized clinical trial.,21059869,FGF-2 stimulates periodontal regeneration: results of a multi-center randomized clinical trial.,Clinical,7,0.614076863205434,0.6330965757369995,0.8183637261390686,0.6516375541687012,0.6483490467071533,0.6483490467071533,,0.2836163640022278,0.89872145652771,0.7110326290130615,0.7232738137245178,0.1896599531173706,,,0.614076863205434,0.2974890619054298,,,0.5059215426445007,0.2475422024726867,0.3898853063583374,0.4137540459632873,0.3259938359260559,0.8183637261390686,0.8183637261390686,0.8183637261390686
Clinical::28025432::Visfatin levels in gingival crevicular fluid and serum before and after non-surgical treatment for periodontal diseases.,28025432,Visfatin levels in gingival crevicular fluid and serum before and after non-surgical treatment for periodontal diseases.,Clinical,11,0.4451847100190778,0.879228949546814,0.7795532941818237,0.8693410158157349,0.8507636785507202,0.8507636785507202,0.805903553660217,0.8748157620429993,0.8799929618835449,0.9552491903305054,0.7290620803833008,0.8845211267471313,,,0.2529559564950089,0.8064717846503986,0.8787013845548057,,0.8386708498001099,0.861178994178772,0.7839078307151794,0.7264038920402527,0.9374268054962158,0.8799929618835449,0.9138017892837524,0.9138017892837524
"Clinical::40123306::Systemic Azithromycin as an Adjunct to Non-Surgical Subgingival Instrumentation in the Treatment of Stage III/IV, Grade C Periodontitis: 12-Month Clinical, Microbiological and Cytokine Results of a Randomised Controlled Trial.",40123306,"Systemic Azithromycin as an Adjunct to Non-Surgical Subgingival Instrumentation in the Treatment of Stage III/IV, Grade C Periodontitis: 12-Month Clinical, Microbiological and Cytokine Results of a Randomised Controlled Trial.",Clinical,13,0.4318048849106495,0.2309716641902923,0.1636621952056884,0.4743339419364929,0.6225298047065735,0.6225298047065735,0.1050953838971966,0.1332787573337555,0.0854130461812019,0.0982187688350677,0.6183247566223145,0.609088122844696,0.8508262043401971,,0.2249342933765475,0.0781125903256132,0.5742886881821776,,0.1313094198703766,0.4207451045513153,0.6554852724075317,0.5540322661399841,0.4037144482135772,0.0820853263139724,0.1534039676189422,0.1534039676189422
"Clinical::27145828::The efficacy of Er,Cr:YSGG laser supported periodontal therapy on the reduction of peridodontal disease related oral malodor: a randomized clinical study.",27145828,"The efficacy of Er,Cr:YSGG laser supported periodontal therapy on the reduction of peridodontal disease related oral malodor: a randomized clinical study.",Clinical,13,0.19964949038916,0.6928547620773315,0.6383718848228455,0.5640753507614136,0.5408904552459717,0.5408904552459717,0.4308206312666591,0.6001501083374023,0.6749342679977417,0.5945809483528137,0.5239610075950623,0.2018054723739624,0.0203980417598735,,0.1605790760501498,0.4551119804973324,-0.0291069394729435,,0.3814499378204345,0.3851529955863952,0.5441498160362244,0.589785099029541,0.2606345415115356,0.7144370079040527,0.6631430983543396,0.6631430983543396
"Clinical::27477110::Treatment of periodontal intrabony defects using autologous platelet-rich fibrin and titanium platelet-rich fibrin: a randomized, clinical, comparative study.",27477110,"Treatment of periodontal intrabony defects using autologous platelet-rich fibrin and titanium platelet-rich fibrin: a randomized, clinical, comparative study.",Clinical,9,0.1591519457007471,0.6062749028205872,0.2958810925483703,0.4615615904331207,0.6234439611434937,0.6234439611434937,0.2334414884285041,0.4946633577346802,0.3678555488586426,0.305553674697876,0.4271630644798279,0.3127670586109161,,,0.4378184640313161,0.3226156966602745,,,0.0275420695543289,0.2237714678049087,0.2883345484733581,0.0994384959340095,0.391812801361084,0.2670858204364776,0.2670858204364776,0.2670858204364776
Clinical::26811350::Periodontal disease and risk of all cancers among male never smokers: an updated analysis of the Health Professionals Follow-up Study.,26811350,Periodontal disease and risk of all cancers among male never smokers: an updated analysis of the Health Professionals Follow-up Study.,Clinical,15,0.4181358327157846,0.821661651134491,0.7205640077590942,0.7574164867401123,0.6893797516822815,0.6893797516822815,0.253363364453057,0.6808238625526428,0.7046909928321838,0.7286273241043091,0.5805860757827759,0.5526034235954285,,,0.2493984510369762,0.4403062111876042,0.8220725177778713,,0.6948865056037903,0.8458536863327026,0.7785402536392212,0.4740844368934631,0.5301173329353333,0.4405469000339508,0.4495943188667297,0.4495943188667297
Clinical::33687555::Changes in clinical parameters following adjunctive local sodium hypochlorite gel in minimally invasive nonsurgical therapy (MINST) of periodontal pockets: a 6-month randomized controlled clinical trial.,33687555,Changes in clinical parameters following adjunctive local sodium hypochlorite gel in minimally invasive nonsurgical therapy (MINST) of periodontal pockets: a 6-month randomized controlled clinical trial.,Clinical,17,0.2938863071694089,0.7581290006637573,0.7011502981185913,0.3932295143604278,0.438803493976593,0.438803493976593,0.3997426724636154,0.3708183765411377,0.5780669450759888,0.3749258518218994,0.4618477821350097,0.0237676352262496,0.8833182721994716,-0.0113362558167351,0.3992412924078998,0.4276796838022029,0.2965585498174932,,0.2998162508010864,0.41612708568573,0.4532409608364105,0.2410259246826172,0.0698179900646209,0.5726562142372131,0.4239793717861175,0.4239793717861175
Clinical::25762359::Microbiologic Observations After Four Treatment Strategies Among Patients With Periodontitis Maintaining a High Standard of Oral Hygiene: Secondary Analysis of a Randomized Controlled Clinical Trial.,25762359,Microbiologic Observations After Four Treatment Strategies Among Patients With Periodontitis Maintaining a High Standard of Oral Hygiene: Secondary Analysis of a Randomized Controlled Clinical Trial.,Clinical,12,0.1933549617765177,0.4411427974700928,0.3646353185176849,0.4106967747211456,0.5923752188682556,0.5923752188682556,0.0780974834920019,0.4904007613658905,0.365915447473526,0.33603236079216,0.6457761526107788,0.2342042028903961,,,0.2197034083707258,0.166845688418683,0.1196857329979186,,0.2574574053287506,0.6269197463989258,0.4968010187149048,0.4917342960834503,0.5019792318344116,0.365915447473526,0.269282579421997,0.269282579421997
"Clinical::28667678::Effects of photodynamic therapy in periodontal treatment: A randomized, controlled clinical trial.",28667678,"Effects of photodynamic therapy in periodontal treatment: A randomized, controlled clinical trial.",Clinical,9,0.2478549107565657,0.5287176370620728,0.6033353805541992,0.3546996712684631,0.6294390559196472,0.6294390559196472,0.36035077195551,0.4334851503372192,0.5395841598510742,0.3645124435424804,0.5651554465293884,0.1648954451084137,,,0.367388729313701,0.3375647574905188,,,0.2894192039966583,0.5148864984512329,0.3547645807266235,0.3456577658653259,0.3399197161197662,0.5176239013671875,0.5176239013671875,0.5176239013671875
Clinical::23969907::Treatment of intrabony defects with anorganic bone matrix/p-15 or guided tissue regeneration in patients with aggressive periodontitis.,23969907,Treatment of intrabony defects with anorganic bone matrix/p-15 or guided tissue regeneration in patients with aggressive periodontitis.,Clinical,13,0.2576631016251304,0.7373149394989014,0.5021592974662781,0.6273655295372009,0.5006105899810791,0.5006105899810791,0.3593746142909689,0.7316778898239136,0.3725720643997192,0.532008707523346,0.5845745801925659,0.2552971839904785,0.2390568656695479,,0.3306241456245174,0.3662499392291107,0.4756644033471843,,0.7626235485076904,0.5518902540206909,0.6643544435501099,0.488772451877594,0.3342211842536926,0.4321756362915039,0.7259374856948853,0.7259374856948853
Clinical::37814261::Repurposing Metformin for periodontal disease management as a form of oral-systemic preventive medicine.,37814261,Repurposing Metformin for periodontal disease management as a form of oral-systemic preventive medicine.,Clinical,12,0.6571067365637511,0.7660763263702393,0.694830060005188,0.707855224609375,0.7046098709106445,0.7046098709106445,0.5865476866801165,0.7305291891098022,0.65462327003479,0.5587072968482971,0.6543910503387451,0.6390403509140015,,,0.3360661370876618,0.6137026089390903,-0.0220005167895356,,0.4469842612743377,0.5450372695922852,0.7962875366210938,0.5004469752311707,0.4435982406139374,0.65462327003479,0.4615601301193237,0.4615601301193237
Clinical::25646170::Effect of a single session of antimicrobial photodynamic therapy using indocyanine green in the treatment of chronic periodontitis: a randomized controlled pilot trial.,25646170,Effect of a single session of antimicrobial photodynamic therapy using indocyanine green in the treatment of chronic periodontitis: a randomized controlled pilot trial.,Clinical,11,0.2225969861251533,0.593122124671936,0.5179527997970581,0.4052779674530029,0.4408262372016907,0.4408262372016907,0.3362991749766429,0.5674260854721069,0.4738470613956451,0.4060805439949035,0.4246309995651245,0.2862237393856048,,,0.1715574598787032,0.4420960993162168,0.0186447681223498,,0.2432352155447006,0.3945885002613067,0.4981895089149475,0.1103838607668876,0.0613051690161228,0.4738470613956451,0.4440563321113586,0.4440563321113586
Clinical::31589587::Antimicrobial Photodynamic Therapy Using a Chloro-Aluminum Phthalocyanine Adjuvant to Nonsurgical Periodontal Treatment Does Not Improve Clinical Parameters in Patients with Chronic Periodontitis.,31589587,Antimicrobial Photodynamic Therapy Using a Chloro-Aluminum Phthalocyanine Adjuvant to Nonsurgical Periodontal Treatment Does Not Improve Clinical Parameters in Patients with Chronic Periodontitis.,Clinical,6,0.35424844867992,0.5735193490982056,0.3105789124965668,0.2928149700164795,0.4973507523536682,0.4973507523536682,,0.4982036352157593,0.3459414839744568,0.305966854095459,0.4991073310375213,0.1701135784387588,,,0.5187342606370423,0.5434547159192672,,,,0.5258789658546448,0.3355230093002319,,,0.3459414839744568,0.3459414839744568,0.3459414839744568
Clinical::39396137::Evaluation of a new mouthwash formulated with Chlorhexidine and Cymenol after a scaling and root planing treatment in grade I and II periodontal patients.,39396137,Evaluation of a new mouthwash formulated with Chlorhexidine and Cymenol after a scaling and root planing treatment in grade I and II periodontal patients.,Clinical,11,0.0991924897799877,0.5029744505882263,0.6404858231544495,0.5380690097808838,0.3987172842025757,0.3987172842025757,0.1968970857773744,0.30372354388237,0.2923080027103424,0.2930793762207031,0.3682227432727813,0.2604778409004211,,,0.179456038404277,0.1881745219824735,0.064118063588304,,0.3351332545280456,0.3568210005760193,0.4230033755302429,0.438226044178009,0.2749450802803039,0.2923080027103424,0.3702240586280823,0.3702240586280823
Clinical::32660549::A decision support system based on support vector machine for diagnosis of periodontal disease.,32660549,A decision support system based on support vector machine for diagnosis of periodontal disease.,Clinical,9,0.5122033266558382,0.707648754119873,0.3119415044784546,0.3727357685565948,0.2805566191673279,0.2805566191673279,0.5551967213003013,0.5184176564216614,0.2433634102344513,0.2324745655059814,0.4805315136909485,0.3092918395996094,,,0.3438860624945367,0.2573570050850201,,,0.1086804196238517,0.7697252035140991,0.7300736904144287,0.1170697063207626,0.0573241934180259,0.2369616627693176,0.2369616627693176,0.2369616627693176
Clinical::40875065::Efficacy of maxillary occlusal splints on mobile posterior teeth in patients with stage III or IV periodontitis during steps 1 and 2 of periodontal therapy: a randomized parallel-controlled clinical trial.,40875065,Efficacy of maxillary occlusal splints on mobile posterior teeth in patients with stage III or IV periodontitis during steps 1 and 2 of periodontal therapy: a randomized parallel-controlled clinical trial.,Clinical,12,0.2239437153711,0.5565385222434998,0.0737962126731872,0.5477487444877625,0.5821448564529419,0.5821448564529419,0.3267267264753739,0.4512390494346618,0.0660935342311859,0.5076195001602173,0.5531390905380249,0.6472941637039185,,,0.2442534601383096,0.2892493253235641,-0.0046691449265512,,0.6062890887260437,0.443774938583374,0.4067446887493133,0.4398374259471893,0.5334838628768921,0.0660935342311859,0.662468433380127,0.662468433380127
"Clinical::26733449::The relationship between recurrent aphthous stomatitis, and periodontal disease and Helicobacter Pylori infection.",26733449,"The relationship between recurrent aphthous stomatitis, and periodontal disease and Helicobacter Pylori infection.",Clinical,13,0.2605899260088598,0.5947538614273071,0.5779601335525513,0.7816685438156128,0.4005690515041351,0.4005690515041351,0.3246289393394082,0.2625019252300262,0.4701683223247528,0.7487480640411377,0.5918356776237488,0.2368573546409607,0.44183608418327,,0.2191209581579652,0.2611370979215011,0.5638238913964708,,0.7492222785949707,0.5312889814376831,0.7212653160095215,0.5056610703468323,0.472263753414154,0.5256368517875671,0.7733847498893738,0.7733847498893738
Clinical::25972081::Platelet rich fibrin combined with decalcified freeze-dried bone allograft for the treatment of human intrabony periodontal defects: a randomized split mouth clinical trail.,25972081,Platelet rich fibrin combined with decalcified freeze-dried bone allograft for the treatment of human intrabony periodontal defects: a randomized split mouth clinical trail.,Clinical,11,0.3307758644914367,0.7451779842376709,0.5802672505378723,0.5050455331802368,0.6118773221969604,0.6118773221969604,0.2030680462497178,0.4601573050022125,0.3455447554588318,0.3968910574913025,0.4143327474594116,0.2698707580566406,,,0.5532199237206198,0.2269983700207168,0.0367760004512219,,0.3441472351551056,0.5513952970504761,0.4829490482807159,0.5855392813682556,0.2069824934005737,0.3455447554588318,0.4480063021183014,0.4480063021183014
Clinical::40604898::Frequency of periodontal disease in head and neck cancer patients after radiation therapy: a cross-sectional study.,40604898,Frequency of periodontal disease in head and neck cancer patients after radiation therapy: a cross-sectional study.,Clinical,19,0.3816683326680509,0.7763020396232605,0.4597874581813812,0.7950583696365356,0.7415722012519836,0.7415722012519836,0.5772612207988982,0.5235539674758911,0.3859818577766418,0.5439817905426025,0.740312933921814,0.7150225639343262,0.4987326285700566,0.4265350350520636,0.3684069446902023,0.6125695568307123,0.3535357754595095,,0.3058790564537048,0.2823389172554016,0.8748903274536133,0.5606496930122375,0.6059973835945129,0.3900139927864074,0.3078754246234894,0.3078754246234894
Clinical::38812644::The role of probiotics for preventing dysbiosis in periodontal disease: a randomized controlled trial.,38812644,The role of probiotics for preventing dysbiosis in periodontal disease: a randomized controlled trial.,Clinical,12,0.3154536774905135,0.5934194922447205,0.3917188942432403,0.5129380226135254,0.7692607045173645,0.7692607045173645,0.3183433833249854,0.3132514059543609,0.4398299753665924,0.2852979898452759,0.7752138376235962,0.5161800980567932,,,0.3842659045424557,0.3708995959835031,0.0557176976664846,,0.4506796598434448,0.0997033417224884,0.6626454591751099,0.7878551483154297,0.4275177717208862,0.4398299753665924,0.3034069240093231,0.3034069240093231
Clinical::36876718::Effect of antibiotics as an adjuvant to subgingival instrumentation on systemic inflammation in patients with periodontitis: a randomized clinical trial.,36876718,Effect of antibiotics as an adjuvant to subgingival instrumentation on systemic inflammation in patients with periodontitis: a randomized clinical trial.,Clinical,13,0.5205350800313603,0.7004756927490234,0.630333423614502,0.6023334264755249,0.7484142780303955,0.7484142780303955,0.4387956002308887,0.6244750022888184,0.3579762279987335,0.4598095118999481,0.3042923212051391,0.289355993270874,-0.0573967502375771,,0.5055665032054331,0.4197736783150734,-0.0445231021209706,,0.4030700325965881,0.4838733375072479,0.7214899063110352,0.7956181764602661,0.5441950559616089,0.576270341873169,0.5940151214599609,0.5940151214599609
Clinical::29723659::Impact of green tea intake on clinical improvement in chronic periodontitis: A randomized clinical trial.,29723659,Impact of green tea intake on clinical improvement in chronic periodontitis: A randomized clinical trial.,Clinical,11,0.2232322547856289,0.6364508867263794,0.4828362166881561,0.4342272281646728,0.2869804501533508,0.2869804501533508,0.2638514470304642,0.5086740851402283,0.6484224796295166,0.5347120761871338,0.4482970833778381,0.1555776596069336,,,0.1428984247171122,0.3958413776763043,-0.022266469469784,,0.6323695182800293,0.3216275572776794,0.4672937393188476,0.4742033779621124,0.148980513215065,0.6484224796295166,0.660399854183197,0.660399854183197
Clinical::31543299::Clinical outcomes of adjunctive indocyanine green-diode lasers therapy for treating refractory periodontitis: A randomized controlled trial with in vitro assessment.,31543299,Clinical outcomes of adjunctive indocyanine green-diode lasers therapy for treating refractory periodontitis: A randomized controlled trial with in vitro assessment.,Clinical,15,0.1983250018207212,0.7256762385368347,0.5868828296661377,0.484965980052948,0.5987840294837952,0.5987840294837952,0.2332871775518481,0.5729919075965881,0.5916762948036194,0.4540771245956421,0.5198430418968201,0.4065080881118774,,,0.2248858875569577,0.186508523996504,0.1265468324203523,,0.3396215438842773,0.6293085217475891,0.6789361238479614,0.4701018035411834,0.4484090209007263,0.4154983758926391,0.311039924621582,0.311039924621582
"Clinical::30834725::Clinical effect of Lactobacillus on the treatment of severe periodontitis and halitosis: A double-blinded, placebo-controlled, randomized clinical trial.",30834725,"Clinical effect of Lactobacillus on the treatment of severe periodontitis and halitosis: A double-blinded, placebo-controlled, randomized clinical trial.",Clinical,11,0.336327862867664,0.5796797871589661,0.5951806306838989,0.7552050352096558,0.464926540851593,0.464926540851593,0.4143924831509733,0.7583633661270142,0.5147151947021484,0.6427712440490723,0.4742805063724518,0.5499645471572876,,,0.3603229471846724,0.2351950159110062,0.7038224134429056,,0.8444780707359314,0.6959685683250427,0.581710696220398,0.5892232656478882,0.6599024534225464,0.5147151947021484,0.624080240726471,0.624080240726471
"Clinical::40317015::Evaluation of annexin A1, carbonic anhydrase 1, and elongation factor 1-gamma levels in periodontal diseases.",40317015,"Evaluation of annexin A1, carbonic anhydrase 1, and elongation factor 1-gamma levels in periodontal diseases.",Clinical,12,0.2330061714468645,0.8556936979293823,0.7197729349136353,0.6749891638755798,0.6974353790283203,0.6974353790283203,0.900475667240776,0.6720969676971436,0.628516674041748,0.4928047060966491,0.6432666778564453,0.6206371784210205,,,0.1831268918801295,0.5554751417740423,-0.0128587815106813,,0.4975124597549438,0.6304211616516113,0.8307381272315979,0.5590757131576538,0.6008091568946838,0.628516674041748,0.4744157791137695,0.4744157791137695
Clinical::20490384::Impact of periodontal disease on quality of life.,20490384,Impact of periodontal disease on quality of life.,Clinical,11,0.5356922799781945,0.7464677691459656,0.5057594776153564,0.542288601398468,0.6478767395019531,0.6478767395019531,0.7300277089229454,0.5445595979690552,0.4510613679885864,0.4650257229804992,0.55206298828125,0.4438510239124298,,,0.440010922753389,0.5374981439172136,0.0804535304035104,,0.1630146950483322,0.436588317155838,0.6795030832290649,0.0190303735435009,-0.0697433948516845,0.4510613679885864,0.4459877014160156,0.4459877014160156
Clinical::30182639::Propolis as an adjuvant to non-surgical periodontal treatment: a clinical study with salivary anti-oxidant capacity assessment.,30182639,Propolis as an adjuvant to non-surgical periodontal treatment: a clinical study with salivary anti-oxidant capacity assessment.,Clinical,11,0.1910680762933955,0.5972636938095093,0.3767383098602295,0.6071832180023193,0.4605975747108459,0.4605975747108459,0.4189517422723574,0.487566739320755,0.3096998333930969,0.422252744436264,0.4295803606510162,0.1565213650465011,,,0.2524138771819686,0.2920974620174498,0.2575407100498312,,0.5251560807228088,0.3454286456108093,0.5269941687583923,0.5558786988258362,0.200840026140213,0.3096998333930969,0.3662217855453491,0.3662217855453491
Clinical::27384040::Efficacy of antimicrobial photodynamic therapy as an adjuvant in periodontal treatment in Down syndrome patients.,27384040,Efficacy of antimicrobial photodynamic therapy as an adjuvant in periodontal treatment in Down syndrome patients.,Clinical,13,0.3662232091160812,0.6172017455101013,0.6400035619735718,0.5949828028678894,0.5295946002006531,0.5295946002006531,0.2099056475541027,0.7099628448486328,0.4127306342124939,0.3714528679847717,0.4932461082935333,0.348923921585083,0.0831725116530021,,0.3566945252790365,0.2448238217769888,0.2098534619280559,,0.6597533822059631,0.7055137157440186,0.6777150630950928,0.5155564546585083,0.4942024648189544,0.6359750628471375,0.5819094181060791,0.5819094181060791
Clinical::28678950::Effect of 1% sodium alendronate in the non-surgical treatment of periodontal intraosseous defects: a 6-month clinical trial.,28678950,Effect of 1% sodium alendronate in the non-surgical treatment of periodontal intraosseous defects: a 6-month clinical trial.,Clinical,11,0.3443311314148549,0.615491509437561,0.7031046748161316,0.6722672581672668,0.6158069372177124,0.6158069372177124,0.2975885869260843,0.5941777229309082,0.4943498969078064,0.5172755122184753,0.5061986446380615,0.2970265746116638,,,0.4374132292887684,0.441018326940909,0.0166812843936954,,0.4507690966129303,0.4817304611206054,0.7056282758712769,0.6825745701789856,0.5276818871498108,0.4943498969078064,0.4791486859321594,0.4791486859321594
Clinical::35645071::Immediate effects of diode laser (970+/-15 nm) on microbial load in patients with chronic periodontitis: A split-mouth study.,35645071,Immediate effects of diode laser (970+/-15 nm) on microbial load in patients with chronic periodontitis: A split-mouth study.,Clinical,12,0.1735501681425678,0.6441565155982971,0.8222111463546753,0.7268403172492981,0.6015270948410034,0.6015270948410034,0.1095855558614897,0.5183807611465454,0.7250586152076721,0.606406569480896,0.6893884539604187,0.2821287512779236,,,0.231390490147056,0.3118918024076635,-0.0468718743305365,,0.4175099432468414,0.5476801991462708,0.5665864944458008,0.50739586353302,0.343877911567688,0.7250586152076721,0.5170179605484009,0.5170179605484009
Clinical::36841278::Effect of non-surgical periodontal therapy with adjunct photodynamic therapy on periodontal and glycemic statuses in prediabetic patients with periodontal disease.,36841278,Effect of non-surgical periodontal therapy with adjunct photodynamic therapy on periodontal and glycemic statuses in prediabetic patients with periodontal disease.,Clinical,15,0.2484927982434718,0.7297694683074951,0.8176755905151367,0.68357253074646,0.6205521821975708,0.6205521821975708,0.8356566790518727,0.5614911317825317,0.804316520690918,0.6687029004096985,0.5887782573699951,0.4133729636669159,,,0.1737733046944705,0.3753716969286321,0.1386383625843796,,0.6838724613189697,0.5929760932922363,0.5908044576644897,0.6700491309165955,0.5466051697731018,0.9173856973648072,0.6632964015007019,0.6632964015007019
Clinical::37170229::Research efficacy of gaseous ozone therapy as an adjuvant to periodontal treatment on oxidative stress mediators in patients with type 2 diabetes: a randomized clinical trial.,37170229,Research efficacy of gaseous ozone therapy as an adjuvant to periodontal treatment on oxidative stress mediators in patients with type 2 diabetes: a randomized clinical trial.,Clinical,13,0.3134695143430286,0.6132171154022217,0.1023501306772232,0.5193769931793213,0.8232154250144958,0.8232154250144958,0.2649282492035698,0.4379672408103943,0.0910782665014267,0.4218981266021728,0.7354795932769775,0.5443916320800781,0.7656535334989214,,0.3928008981002196,0.3395758429471945,0.2663044659444353,,-0.0064190905541181,0.1309650540351867,0.7051916122436523,0.7438229322433472,0.6813939809799194,0.0973553508520126,-0.0033813929185271,-0.0033813929185271
Clinical::25084111::Arterial stiffness and pulse wave reflection are increased in patients suffering from severe periodontitis.,25084111,Arterial stiffness and pulse wave reflection are increased in patients suffering from severe periodontitis.,Clinical,5,0.7234692345547625,0.7482668161392212,0.7272475957870483,0.7523888945579529,0.7775548696517944,0.7775548696517944,,0.7463662028312683,0.7272475957870483,0.7272475957870483,0.7775548696517944,0.6788809299468994,,,0.7304889231951487,0.6615410729592949,,,,0.7325441837310791,0.8212143182754517,,,0.7543965578079224,0.7543966174125671,0.7543966174125671
Clinical::22694045::Clinical effects of Nd:YAG laser applications during nonsurgical periodontal treatment in smoking and nonsmoking patients with chronic periodontitis.,22694045,Clinical effects of Nd:YAG laser applications during nonsurgical periodontal treatment in smoking and nonsmoking patients with chronic periodontitis.,Clinical,9,0.3411641709248667,0.7255570888519287,0.7101020812988281,0.6540405750274658,0.6664717793464661,0.6664717793464661,0.3480388404223209,0.5950340628623962,0.6903271079063416,0.597009539604187,0.5470113754272461,0.359981507062912,,,0.3931501235566767,0.4404099746439904,,,0.2053558677434921,0.5278247594833374,0.6549049615859985,0.3978918492794037,0.3319600224494934,0.5706140995025635,0.5706140995025635,0.5706140995025635
Clinical::20843236::Efficacy and safety of adjunctive local moxifloxacin delivery in the treatment of periodontitis.,20843236,Efficacy and safety of adjunctive local moxifloxacin delivery in the treatment of periodontitis.,Clinical,16,0.2422146396383263,0.7252371311187744,0.4857798218727112,0.7227718830108643,0.6900049448013306,0.6900049448013306,0.3705468284871472,0.5800411701202393,0.5146887302398682,0.6576694846153259,0.5330148339271545,0.5773789882659912,-0.0221394638762981,,0.1893599078021979,0.2823241828006511,0.3307043791757956,,0.6970416903495789,0.6624135971069336,0.6127307415008545,0.4692869186401367,0.4710885882377624,0.5146887302398682,0.6525723934173584,0.6525723934173584
Clinical::37066949::The effect of motivational interviewing based on the transtheoretical model on oral cleaning behavior of patients with periodontitis who have undergone implant restoration.,37066949,The effect of motivational interviewing based on the transtheoretical model on oral cleaning behavior of patients with periodontitis who have undergone implant restoration.,Clinical,13,0.2368343985458351,0.70185786485672,0.7815894484519958,0.7317216396331787,0.707962155342102,0.707962155342102,0.2049205948265655,0.6614919900894165,0.8694134950637817,0.6884365081787109,0.640633225440979,0.6759984493255615,0.6684391893676638,,0.2663540646681976,0.2677102770856579,0.0422361936941515,,0.363717257976532,0.5746847987174988,0.6310802102088928,0.1625557839870453,0.2056337893009185,0.7972520589828491,0.6811758279800415,0.6811758279800415
Clinical::26932733::Influence of a triclosan toothpaste on periodontopathic bacteria and periodontitis progression in cardiovascular patients: a randomized controlled trial.,26932733,Influence of a triclosan toothpaste on periodontopathic bacteria and periodontitis progression in cardiovascular patients: a randomized controlled trial.,Clinical,16,0.2618147726065809,0.7701511383056641,0.6689913272857666,0.5281178951263428,0.6659685373306274,0.6659685373306274,0.2843058013939295,0.5132154822349548,0.695838451385498,0.4510061740875244,0.4777280390262604,0.3765245079994201,0.2041670179154568,,0.2471713175164957,0.3476320214964691,0.096050649382868,,0.2120952010154724,0.563326895236969,0.6999421119689941,0.3217344880104065,0.3465036451816559,0.695838451385498,0.4324067234992981,0.4324067234992981
"Clinical::27108476::Systemic Inflammatory Biomarkers and Their Association With Periodontal and Diabetes-Related Factors in the Diabetes and Periodontal Therapy Trial, A Randomized Controlled Trial.",27108476,"Systemic Inflammatory Biomarkers and Their Association With Periodontal and Diabetes-Related Factors in the Diabetes and Periodontal Therapy Trial, A Randomized Controlled Trial.",Clinical,12,0.3869425752123552,0.6603901982307434,0.4571706652641296,0.7126312851905823,0.4699486792087555,0.4699486792087555,0.3019847700830322,0.7139819264411926,0.2722970843315124,0.4126438498497009,0.3198667764663696,0.3289868235588074,,,0.3857705912950875,0.3481292606339817,0.3331432412704636,,-0.0792002528905868,0.5606746673583984,0.6051055192947388,-0.0839321017265319,-0.0708521157503128,0.2722970843315124,0.4393686652183532,0.4393686652183532
Clinical::26291297::Microbiologic Findings in Relation to Risk Assessment for Periodontal Disease: A Cross-Sectional Study.,26291297,Microbiologic Findings in Relation to Risk Assessment for Periodontal Disease: A Cross-Sectional Study.,Clinical,11,0.5352684840239624,0.7905209064483643,0.6292240619659424,0.6349849700927734,0.7007589340209961,0.7007589340209961,0.5108523216011399,0.818425178527832,0.4800328016281128,0.5283840894699097,0.5462821125984192,0.4832921028137207,,,0.4639467616468531,0.497539461586973,0.7479325415445445,,0.003199603408575,0.7710532546043396,0.6569860577583313,0.0315190777182579,0.042750809341669,0.4800328016281128,0.5290096998214722,0.5290096998214722
Clinical::23866479::The relationship between periodontal disease severity and state-trait anxiety level.,23866479,The relationship between periodontal disease severity and state-trait anxiety level.,Clinical,15,0.3999351507033444,0.7109472155570984,0.6053727865219116,0.7637506723403931,0.6406359076499939,0.6406359076499939,0.7008688689892871,0.8012134432792664,0.6096904277801514,0.7263899445533752,0.7440769672393799,0.6764501929283142,,,0.2475364282529378,0.6235727536630797,0.1893765653678635,,0.2230821400880813,0.770226240158081,0.7777397036552429,0.2354019284248352,-0.0339880734682083,0.5512595176696777,0.6671228408813477,0.6671228408813477
Clinical::21698987::Clinical effectiveness of a desensitizing system on dentin hypersensitivity in periodontitis patients.,21698987,Clinical effectiveness of a desensitizing system on dentin hypersensitivity in periodontitis patients.,Clinical,13,0.2917635418990004,0.6571125984191895,0.3509473204612732,0.5585024356842041,0.5441348552703857,0.5441348552703857,0.2728848341671424,0.628929853439331,0.4201098978519439,0.5215085744857788,0.452524721622467,0.5055351257324219,0.046369251209729,,0.3326802537186433,0.2856255481254467,0.6431405335968025,,0.0442953817546367,0.7102199792861938,0.561185359954834,0.012336878105998,0.1544942855834961,0.3363285958766937,0.4201604127883911,0.4201604127883911
Clinical::34409624::Levels of myeloid-related proteins in saliva for screening and monitoring of periodontal disease.,34409624,Levels of myeloid-related proteins in saliva for screening and monitoring of periodontal disease.,Clinical,11,0.3954162683488298,0.5869235992431641,0.6611166000366211,0.7063349485397339,0.6210545301437378,0.6210545301437378,0.2123627849437748,0.5606670379638672,0.6712859869003296,0.7310479879379272,0.7399189472198486,0.4821780323982239,,,0.4002994274877673,0.1272471213186952,0.6490825336937271,,0.6268709301948547,0.4950854480266571,0.5473083257675171,0.6794265508651733,0.3338328897953033,0.6712859869003296,0.8277471661567688,0.8277471661567688
Clinical::30338757::Nos3 Gene Rs1799983 and Rs2070744 Polymorphisms in Patients with Periodontal Disease.,30338757,Nos3 Gene Rs1799983 and Rs2070744 Polymorphisms in Patients with Periodontal Disease.,Clinical,11,0.3234724765118659,0.5302145481109619,0.6110319495201111,0.7113966345787048,0.4779912233352661,0.4779912233352661,0.5495590293687416,0.8491812944412231,0.5956336259841919,0.5822784900665283,0.5123452544212341,0.6864240169525146,,,0.2443640695846438,0.5688258208296085,0.5054825785737868,,0.44139564037323,0.9443255662918092,0.5354889035224915,0.4995900690555572,0.5099620819091797,0.5956336259841919,0.5868451595306396,0.5868451595306396
Clinical::33011399::Effectiveness of single versus multiple sessions of photodynamic therapy as adjunct to scaling and root planing on periodontopathogenic bacteria in patients with periodontitis.,33011399,Effectiveness of single versus multiple sessions of photodynamic therapy as adjunct to scaling and root planing on periodontopathogenic bacteria in patients with periodontitis.,Clinical,12,0.1935719087992967,0.6375828385353088,0.7254555821418762,0.6940549612045288,0.5672964453697205,0.5672964453697205,0.0921323003548689,0.621308445930481,0.6999440789222717,0.6658287644386292,0.5942323207855225,0.4740471243858337,,,0.194057537868458,0.371177519208179,0.037205567585666,,0.3852605521678924,0.4795421659946441,0.5488768815994263,0.3946710228919983,0.6337122917175293,0.6999440789222717,0.4994072914123535,0.4994072914123535
Clinical::27127325::Azithromycin buccal patch in treatment of chronic periodontitis.,27127325,Azithromycin buccal patch in treatment of chronic periodontitis.,Clinical,11,0.20830720204752,0.7857596278190613,0.6180894374847412,0.7559263706207275,0.7499755024909973,0.7499755024909973,0.3301398644785077,0.6732912659645081,0.6367996335029602,0.6291055679321289,0.5015454292297363,0.6266860365867615,,,0.3445967867289046,0.1832011568251644,0.5055367822982851,,0.7141369581222534,0.5596508383750916,0.4994179606437683,0.5626722574234009,0.4496399164199829,0.6367996335029602,0.7148736119270325,0.7148736119270325
