PMID,Title,Dataset,n_sentences,mean_label_confidence,mean_local_similarity,min_local_similarity,local_similarity_volatility,local_discontinuity_burden,within_role_discontinuity_burden,mean_similarity_to_opening_anchor,final_similarity_to_opening_anchor,mean_similarity_to_own_role_anchor_loo,n_Background,n_Aim,n_Methods,n_Results,n_Conclusion,n_Limitation/Future,within_Background_similarity,within_Aim_similarity,within_Methods_similarity,within_Results_similarity,within_Conclusion_similarity,within_Limitation/Future_similarity,conclusion_to_aim_alignment,conclusion_to_results_alignment,results_to_methods_alignment,methods_to_aim_alignment,results_to_aim_alignment,conclusion_to_background_plus_aim_alignment,conclusion_plus_future_to_background_plus_aim_alignment
22244863,Association between periodontal disease and stroke.,Review,16,0.963125,0.2655687558154265,0.0339566953480243,0.2411206514661949,0.0,0.0,0.4587464552605524,0.7093862295150757,0.3454060720709654,2,1,7,4,1,1,0.6413828134536743,,0.1892385055266675,0.1346450578421354,,,0.7207422852516174,0.4660418033599853,0.6174801588058472,0.575425386428833,0.454324334859848,0.8209677934646606,0.7860924005508423
35612796,Herpesviruses in Periodontitis: An Umbrella Review.,Review,17,0.987058823529412,0.4027875219471752,-0.0384977832436561,0.2328448332102973,0.0588235294117647,0.0,0.3173366820110994,0.5639116764068604,0.4886821699993951,1,1,8,6,1,0,,,0.333028540547405,0.3024232139190038,,,0.5808809995651245,0.6563085317611694,0.7431589961051941,0.2724484205245971,0.3707841336727142,0.5772948265075684,0.5772948265075684
34662850,Effects of Curcuma as an adjunct therapy on periodontal disease: A systematic review and meta-analysis.,Review,14,0.9778571428571428,0.2683246869307298,0.0525340661406517,0.1574389964403204,0.1428571428571428,0.0714285714285714,0.5056940588567939,0.5995186567306519,0.3395035083477313,5,1,2,3,3,0,0.3264913827180862,,0.0544848516583442,0.3721596300601959,0.1575410887598991,,0.6029949188232422,0.6654456257820129,0.2952541410923004,0.1700925827026367,0.5553643703460693,0.6491924524307251,0.6491924524307251
37345207,Effects of Omega-3 as an adjuvant in the treatment of periodontal disease: A systematic review and meta-analysis.,Review,14,0.9821428571428572,0.3735392162433037,0.0300241112709045,0.194070241273447,0.1428571428571428,0.0714285714285714,0.3765541291795671,0.610523521900177,0.4496290050446987,1,1,5,5,2,0,,,0.2402527783066034,0.3731090977787971,0.4751849770545959,,0.7955412864685059,0.5132491588592529,0.5368037223815918,0.4833332002162933,0.3232393264770508,0.7108765244483948,0.7108765244483948
39629934,DNA and RNA Methylation in Periodontal and Peri-implant Diseases.,Review,12,0.9583333333333331,0.5155235718597065,0.133163571357727,0.1766453108845725,0.1666666666666666,0.1666666666666666,0.7304147581259409,0.78301602602005,0.6527583436532454,11,0,0,0,1,0,0.4713085499676791,,,,,,,,,,,0.8375602960586548,0.8375602960586548
39125843,Study of microRNAs in Gingival Crevicular Fluid as Periodontal Diseases Biomarkers: Systematic Review.,Review,10,0.982,0.3302976888500982,-0.0495170354843139,0.3149982231591473,0.1,0.0,0.4456557653844356,0.794759213924408,0.3222248535603285,0,1,4,4,1,0,,,0.203406729735434,0.2333983154967427,,,0.8013830184936523,0.7151533961296082,0.6809324026107788,0.3956688642501831,0.6330974698066711,0.8013830184936523,0.8013830184936523
38762240,Advances in periodontal biomarkers.,Review,9,0.977777777777778,0.5346757620573044,0.278120756149292,0.1833906762454049,0.2222222222222222,0.1111111111111111,0.7652105689048767,0.8073664605617523,0.6826723217964172,6,2,0,0,0,1,0.46778298219045,0.8640652894973755,,,,,,,,,,,0.729811429977417
34850390,Is TIMP-1 a biomarker for periodontal disease? A systematic review and meta-analysis.,Review,15,0.9766666666666668,0.3909780812848891,-0.0606908909976482,0.3662110833635153,0.1333333333333333,0.0,0.5886293595035871,0.4732833579182625,0.3992762858668963,4,2,3,4,2,0,0.7289652427037557,-0.0171311534941196,0.094833734134833,0.4397925275067488,0.03705720230937,,0.615124523639679,0.6794354915618896,0.6435151100158691,0.4594090282917022,0.6585033535957336,0.6572564840316772,0.6572564840316772
41225105,Inflammasomes in Oral Pathologies: From Periodontal Disease to Oral Cancer.,Review,8,0.9675,0.7213707906859261,0.5755492448806763,0.1003045189245388,0.125,0.125,0.8531126156449318,0.8329598903656006,0.7767496023859296,4,3,0,0,1,0,0.6347640951474508,0.7836505174636841,,,,,0.8639729022979736,,,,,0.8312302827835083,0.8312302827835083
32558110,Periodontal risk markers in children and adolescents with type 1 diabetes: A systematic review and meta-analysis.,Review,11,0.9872727272727274,0.3059005906805396,-0.0300897732377052,0.3041637820307656,0.1818181818181818,0.0909090909090909,0.4558479250832037,0.4786598086357116,0.2654945764690637,2,1,3,3,2,0,-0.0209339018911123,,0.268543383727471,0.2061385984222094,0.3784083425998688,,0.735178530216217,0.4158960282802582,0.5420274138450623,0.727157711982727,0.3941429853439331,0.5765712857246399,0.5765712857246399
36631982,Prevalence of periodontitis in dentate people between 2011 and 2020: A systematic review and meta-analysis of epidemiological studies.,Review,15,0.9793333333333336,0.2887876810772078,-0.076782003045082,0.208967487153405,0.1333333333333333,0.0666666666666666,0.4138214676330486,0.8475725650787354,0.4067899877471583,0,1,6,5,3,0,,,0.2148801418642203,0.3751333534717559,0.221720028668642,,0.808707594871521,0.6371049284934998,0.7182905673980713,0.5155487060546875,0.4823707640171051,0.808707594871521,0.808707594871521
21716988,Pediatric obesity and periodontal disease: a systematic review of the literature.,Review,10,0.986,0.4103191085159778,-0.0250578336417675,0.2652810666177055,0.2,0.1,0.6116440504789352,0.8787039220333099,0.4036025876800219,3,1,3,1,1,1,0.4794037838776906,,0.1828723897536595,,,,0.8948401212692261,0.3724235892295837,0.3130156397819519,0.3975419402122497,0.3662734627723694,0.8728188276290894,0.9145407676696776
30812054,Maternal periodontitis and preterm birth: Systematic review and meta-analysis.,Review,11,0.9536363636363636,0.3078994683921337,-0.0190625116229057,0.2551865635889001,0.0909090909090909,0.0909090909090909,0.4609675590287555,0.84946009516716,0.2597073732564847,1,1,3,4,2,0,,,0.2331535915533701,0.2576160977284114,-0.0190625116229057,,0.6169471740722656,0.5016529560089111,0.6240746974945068,0.5673267841339111,0.5359633564949036,0.5955249667167664,0.5955249667167664
23631584,Inflammatory mechanisms linking periodontal diseases to cardiovascular diseases.,Review,7,0.9771428571428572,0.3446534373797476,-0.0488609634339809,0.3085212138001256,0.2857142857142857,0.0,0.5374638794788292,0.7833680212497711,0.3821775987744331,1,0,2,2,1,1,,,0.2134118229150772,0.5509433746337891,,,,0.7738703489303589,-0.0233567636460065,,,0.8245671987533569,0.8242607116699219
40356262,Efficacy of nonsurgical periodontal treatment on patients with periodontitis and type 2 diabetes mellitus: a systematic review and Bayesian network meta-analysis.,Review,11,0.9872727272727274,0.2045490480959415,0.0189708396792411,0.1432339843724836,0.2727272727272727,0.1818181818181818,0.3262004933573983,0.1634898204356432,0.2815362080931664,0,1,4,2,4,0,,,0.2348999107877413,0.1852613687515258,0.1791085576017697,,0.3337689042091369,0.4929361939430237,0.4590573608875274,0.4813207387924194,0.3271311521530151,0.3337689042091369,0.3337689042091369
36535806,Probiotic Bifidobacteria in Managing Periodontal Disease: A Systematic Review.,Review,9,0.9811111111111112,0.4214874058961868,0.1321085095405578,0.2444190214146946,0.2222222222222222,0.1111111111111111,0.5815414024723901,0.7843608856201172,0.3055128812789917,1,1,2,3,1,1,,,0.3162092566490173,0.2316527764002482,,,0.8405929207801819,0.5845922231674194,0.5090853571891785,0.3599124848842621,0.5990662574768066,0.8257113695144653,0.8366925716400146
29974484,Periodontal disease and susceptibility to breast cancer: A meta-analysis of observational studies.,Review,12,0.9866666666666668,0.3350424387238242,0.0044532269239425,0.2473258084269965,0.0833333333333333,0.0833333333333333,0.4896961394697428,0.4248857945203781,0.3288421061905948,0,2,3,3,3,1,,0.3572311401367187,0.1531847193837165,0.3968513458967209,0.1809202991425991,,0.6401193737983704,0.6870003938674927,0.5408797264099121,0.5982582569122314,0.5812751054763794,0.6401193737983704,0.670802116394043
26545044,Periodontitis Awareness Amongst the General Public: A Critical Systematic Review to Identify Gaps of Knowledge.,Review,14,0.9835714285714288,0.3937033615433253,0.0924083516001701,0.2577268464197116,0.2857142857142857,0.2142857142857142,0.5047761795244047,0.8259164690971375,0.4561451176802317,1,1,4,4,4,0,,,0.2589082767566045,0.3066654751698176,0.4288763018945853,,0.7917928099632263,0.6704279184341431,0.6440861821174622,0.4518290162086487,0.5797421336174011,0.810893177986145,0.810893177986145
20103557,Effect of periodontal treatment on glycemic control of diabetic patients: a systematic review and meta-analysis.,Review,12,0.9666666666666668,0.2777143345976418,0.0269431415945291,0.2163214999205228,0.0833333333333333,0.0,0.5074137564127644,0.5388795137405396,0.321025438606739,1,1,4,4,2,0,,,0.2591221059362094,0.2172038002560536,0.2079104781150818,,0.728152871131897,0.7179498076438904,0.6901177167892456,0.555180549621582,0.6380470991134644,0.693408727645874,0.693408727645874
40000005,Effect of bisphosphonates on periodontal diseases in menopausal and postmenopausal women: A systematic review and meta-analysis.,Review,14,0.9871428571428572,0.20113783594794,-0.0212432332336902,0.1540478826791369,0.1428571428571428,0.0714285714285714,0.3877808174916676,0.543664813041687,0.2905955155594991,0,2,6,5,1,0,,-0.0049471547827124,0.1641829198847214,0.2761891916394233,,,0.7217584848403931,0.4518840909004211,0.5973289608955383,0.5312937498092651,0.4748211503028869,0.7217584848403931,0.7217584848403931
28284417,Chlorhexidine mouthwash as an adjunct to mechanical therapy in chronic periodontitis: A meta-analysis.,Review,10,0.967,0.3606243365340763,0.1370702683925628,0.1964868804923219,0.1,0.0,0.3963323280215263,0.5633482038974762,0.4614621698856354,1,0,3,3,3,0,,,0.3641553123792012,0.3543805629014969,0.401066780090332,,,0.5721819400787354,0.5190039873123169,,,0.537078857421875,0.537078857421875
27825315,Periodontitis and gestational diabetes mellitus: a systematic review and meta-analysis of observational studies.,Review,18,0.9827777777777776,0.3939341723042376,0.0164722763001918,0.2891943459369453,0.1666666666666666,0.1111111111111111,0.5178396167854468,0.7816665172576904,0.4235698877600953,4,1,4,6,2,1,0.5048093994458517,,0.184331273039182,0.3607375794400771,0.0164722763001918,,0.6311382055282593,0.666427731513977,0.6867168545722961,0.5809406042098999,0.7366468906402588,0.5532367825508118,0.720243513584137
33729563,Different applications forms of green tea (Camellia sinensis (L.) Kuntze) for the treatment of periodontitis: a systematic review and meta-analysis.,Review,18,0.982777777777778,0.2431784977807718,0.0042599346488714,0.1890586417843135,0.1666666666666666,0.1111111111111111,0.4374147744642364,0.6032997965812683,0.3288663830608129,2,2,5,6,3,0,0.4481284022331238,0.0353237688541412,0.2378320595249533,0.2290106415748596,0.2027334012091159,,0.5794455409049988,0.6384191513061523,0.6664600372314453,0.6156575679779053,0.4022313356399536,0.6570505499839783,0.6570505499839783
41071528,Exploring the Therapeutic Potential of Diverse Bacterial Strains for Management of Periodontal Diseases.,Review,7,0.9671428571428572,0.4088110886514187,0.0484080612659454,0.2415548840265337,0.2857142857142857,0.1428571428571428,0.6988473023687091,0.6770983934402466,0.340114027261734,2,1,2,1,1,0,0.631820023059845,,0.0484080612659454,,,,0.8964440226554871,0.4635899364948272,0.4572865962982178,0.6230610609054565,0.5164387226104736,0.8306093215942383,0.8306093215942383
30503976,"Apolipoprotein E, periodontal disease and the risk for atherosclerosis: a review.",Review,7,0.9528571428571428,0.7226864496866862,0.5697335004806519,0.1007035961275431,0.2857142857142857,0.1428571428571428,0.8493950963020325,0.7753280103206635,0.7901816964149475,5,1,0,0,1,0,0.6918855130672454,,,,,,0.6775833368301392,,,,,0.6928779482841492,0.6928779482841492
40818019,Does Probiotic Therapy Improve Periodontal Treatment Outcomes in Smoking Patients? A Systematic Review of Randomized Clinical Trials.,Review,10,0.975,0.3533178431292375,0.0458265282213687,0.272304976238956,0.1,0.1,0.5317377060651779,0.5274258702993393,0.3065954577177763,0,1,3,5,1,0,,,0.1754246378938357,0.2184318974614143,,,0.9201196432113647,0.6400051116943359,0.7552335262298584,0.6701541543006897,0.6691579222679138,0.9201196432113647,0.9201196432113647
26110453,Long-Term Effect of Four Surgical Periodontal Therapies and One Non-Surgical Therapy: A Systematic Review and Meta-Analysis.,Review,13,0.9853846153846156,0.346354816108942,0.0502802655100822,0.2782786675071508,0.1538461538461538,0.0769230769230769,0.283993477288347,0.1422716565430164,0.3963843913127978,0,1,4,4,4,0,,,0.1311963520323237,0.3936813895901044,0.3220060455302397,,0.1924487352371215,0.6499235033988953,0.4148191511631012,0.5305765867233276,0.3045486509799957,0.1924487352371215,0.1924487352371215
35797566,A Systematic Review and Meta-Analysis of the Association Between Periodontal Disease and Severe Mental Illness.,Review,15,0.9806666666666668,0.2891209652381284,0.0239401012659072,0.1889675769884893,0.2666666666666666,0.1333333333333333,0.4555269082387288,0.5875218212604523,0.3439335828380925,2,1,4,6,2,0,0.0239401012659072,,0.2084709120293458,0.2829083636403083,0.4363148808479309,,0.6930345296859741,0.524612307548523,0.6825529932975769,0.6391913890838623,0.5797606706619263,0.6932887434959412,0.6932887434959412
31713745,Effect of non-surgical periodontal therapy on renal function in chronic kidney disease patients with periodontitis: a systematic review and meta-analysis of interventional studies.,Review,14,0.9785714285714286,0.3575045944979557,0.0099827907979488,0.2133413673924258,0.2142857142857142,0.0714285714285714,0.4860780859099967,0.7092105150222778,0.429976013675332,1,1,4,6,1,1,,,0.1419375278055668,0.4105681816736857,,,0.7312387824058533,0.559308648109436,0.6187796592712402,0.641815185546875,0.5154155492782593,0.7990831732749939,0.7230809926986694
33595770,The Neglected Role of Trichomonas tenax in Oral Diseases: A Systematic Review and Meta-analysis.,Review,15,0.9846666666666668,0.2536936878625835,0.0494060479104518,0.1527941464958464,0.2,0.0666666666666666,0.370971476038297,0.4711958169937134,0.293557330679435,1,2,3,6,2,1,,-0.0183696411550045,0.2410951902468999,0.3129175196091334,0.0526066124439239,,0.5576186180114746,0.3889936804771423,0.2961840033531189,0.3545664548873901,0.4215220808982849,0.6295170187950134,0.5956358909606934
22091748,Diabetes and periodontal diseases: interplay and links.,Review,9,0.9766666666666668,0.718353159725666,0.3325499594211578,0.2086851227144344,0.2222222222222222,0.1111111111111111,0.852093153529697,0.8441424369812012,0.780104764870235,4,1,0,3,1,0,0.8559797803560892,,,0.5290518899758657,,,0.8309992551803589,0.7905308604240417,,,0.7709047794342041,0.8753373026847839,0.8753373026847839
29934798,Clinical periodontal variables in patients with and without dementia-a systematic review and meta-analysis.,Review,17,0.967058823529412,0.2752170417224988,0.0280146207660436,0.1927939254103086,0.1764705882352941,0.1176470588235294,0.5026444166022188,0.6475162506103516,0.38373029033343,2,1,5,4,4,1,0.5603842735290527,,0.2394270700402558,0.2429366459449132,0.2216388260324796,,0.7080730199813843,0.5254732370376587,0.6043635606765747,0.75243079662323,0.5286484956741333,0.7606961131095886,0.8085739612579346
40359716,Assessment of the role of Th17 cell and related biomarkers in periodontitis: A systematic review.,Review,11,0.9745454545454544,0.2107568085193634,0.0230251066386699,0.154157391358239,0.1818181818181818,0.0909090909090909,0.3251006538895043,0.5429948419332504,0.2784172851178381,0,1,4,3,2,1,,,0.2324734553694725,0.2945676743984222,0.0230251066386699,,0.7088040113449097,0.3482125997543335,0.5648612976074219,0.3960115611553192,0.1862878203392028,0.7088040113449097,0.5895874500274658
40838652,Current Perspectives on Mesenchymal Stem Cells as a Potential Treatment for Periodontal Diseases and Conditions.,Review,10,0.968,0.2843572215901481,-0.0112445130944252,0.2502733680223296,0.1,0.1,0.5690289378166199,0.7605078220367432,0.3473170101642608,7,1,0,0,1,1,0.1972811969795397,,,,,,0.9064306020736694,,,,,0.7542166709899902,0.6937784552574158
33103263,Periodontal disease and emotional disorders: A meta-analysis.,Review,16,0.98125,0.309905802582701,0.0043705757707357,0.2540898302148511,0.0625,0.0625,0.5134843199048191,0.1767788231372833,0.4492279543230931,0,1,5,6,2,2,,,0.3474488738924265,0.398492586115996,0.0043705757707357,0.4226858019828796,0.5851056575775146,0.5599850416183472,0.7996931672096252,0.7475486397743225,0.8139241933822632,0.5851056575775146,0.4727783203125
33527193,Local delivery natural products to treat periodontitis: a systematic review and meta-analysis.,Review,20,0.961,0.2581014490049136,0.0323800705373287,0.1636281229844585,0.15,0.1,0.3124962598085403,0.5610417127609253,0.3085887161524672,2,1,5,10,2,0,0.0253784693777561,,0.180949792638421,0.2303087557769484,0.105710431933403,,0.380347192287445,0.6088963747024536,0.6188047528266907,0.3823994994163513,0.3874138593673706,0.4191090166568756,0.4191090166568756
29926951,Periodontitis: Consensus report of workgroup 2 of the 2017 World Workshop on the Classification of Periodontal and Peri-Implant Diseases and Conditions.,Review,5,0.978,0.5528735220432281,0.4644660949707031,0.0675176873679318,0.2,0.2,0.7915666222572326,0.7847601175308228,0.6619505524635315,5,0,0,0,0,0,0.5332221448421478,,,,,,,,,,,,
36209308,Periodontitis and Preeclampsia in Pregnancy: A Systematic Review and Meta-Analysis.,Review,16,0.984375,0.2347064022595683,-0.0151967452839016,0.2007665011939468,0.0625,0.0,0.4117411645129323,0.6684987246990204,0.2368953057697841,1,2,6,4,2,1,,0.0583102330565452,0.1794386684894561,0.1980039390424887,0.0873737633228302,,0.583556056022644,0.6646063327789307,0.7189457416534424,0.5533863306045532,0.4734407067298889,0.6298958659172058,0.7359333038330078
38869834,Correlation between rheumatoid arthritis and chronic periodontitis: a systematic review and meta-analysis.,Review,18,0.9838888888888888,0.2164553924299338,-0.0131652597337961,0.1423498399197833,0.1111111111111111,0.0,0.2807298368877834,0.3733984902501106,0.3715260843435923,1,1,5,8,1,2,,,0.2224919073283672,0.2359323466329702,,0.2858094573020935,0.0338880456984043,0.2894159257411957,0.5597887635231018,0.321219801902771,0.304206907749176,0.2849326431751251,0.501106858253479
25299388,Impact of cigarette smoking on clinical outcomes of periodontal flap surgical procedures: a systematic review and meta-analysis.,Review,20,0.9835,0.3047986888865891,-0.0059896921738982,0.2243112819726793,0.15,0.1,0.3839769000187516,0.4541956037282944,0.3562462908264838,3,1,3,9,4,0,0.1617369353771209,,0.1229243725538253,0.2440821589488122,0.3089215061627328,,0.6779137849807739,0.6260666251182556,0.6311697959899902,0.5902496576309204,0.3960501849651336,0.6668442487716675,0.6668442487716675
28637585,Effects of periodontal endoscopy on the treatment of periodontitis: A systematic review and meta-analysis.,Review,15,0.9813333333333336,0.3740314045654876,0.0023896694183349,0.2557911836633827,0.1333333333333333,0.0666666666666666,0.5040692915519078,0.8094879686832428,0.4672239640584358,0,1,4,6,3,1,,,0.19487358443439,0.4241507530212402,0.3723302483558655,,0.5370238423347473,0.7918474674224854,0.6868336200714111,0.5586356520652771,0.6833374500274658,0.5370238423347473,0.7394502758979797
36130097,The Periodontal Status of Orofacial Cleft Patients: A Systematic Review and Meta-Analysis.,Review,14,0.965714285714286,0.4080152866932062,0.0174420438706874,0.2732972942460794,0.2142857142857142,0.0714285714285714,0.4270136068308992,0.42542012501508,0.4340719445185227,1,1,4,7,1,0,,,0.2605418041348457,0.2974409578101976,,,0.8236802816390991,0.4254173636436462,0.3558101654052734,0.6009089946746826,0.4258058667182922,0.837640643119812,0.837640643119812
37237445,Association between sickle cell disease and periodontal disease: A systematic review.,Review,10,0.983,0.553453611003028,0.2733300924301147,0.2333888171179903,0.1,0.0,0.5022649466991425,0.6717777252197266,0.5633299897114435,1,1,4,2,1,1,,,0.4240916272004445,0.6049307584762573,,,0.6220535635948181,0.8039737939834595,0.4748316407203674,0.3018677532672882,0.5145044326782227,0.6489584445953369,0.705937385559082
30975946,Do genetic polymorphisms affect susceptibility to periodontal disease? A literature review.,Review,6,0.945,0.4757128179073334,0.1489043533802032,0.2398382207659816,0.1666666666666666,0.1666666666666666,0.6459794268012047,0.385313905775547,0.3855381667613983,3,0,2,0,1,0,0.4594582120577494,,0.1489043533802032,,,,,,,,,0.7059260606765747,0.7059260606765747
40342059,Pre-Emptive Analgesia for Periodontal and Implant-Related Surgery: A Systematic Review and Meta-Analysis.,Review,8,0.975,0.3017650533999715,0.034890778362751,0.1773226186870697,0.25,0.125,0.5600051451474428,0.4591813758015632,0.3370256583605494,0,1,3,2,2,0,,,0.4566434323787689,0.335779070854187,0.034890778362751,,0.6383398771286011,0.5156863927841187,0.6371651887893677,0.6506153345108032,0.613606333732605,0.6383398771286011,0.6383398771286011
38674317,Microbiota Transplantation as an Adjunct to Standard Periodontal Treatment in Periodontal Disease: A Systematic Review.,Review,13,0.9692307692307692,0.516370065510273,0.1828073561191558,0.2293000287234597,0.1538461538461538,0.0769230769230769,0.5514946287641158,0.1523509696125984,0.5879663055141767,3,2,3,2,1,2,0.6815877556800842,0.9003669023513794,0.2753798464934031,0.6900707483291626,,0.2986313700675964,0.0842038393020629,0.3362084329128265,0.4953532814979553,0.4314331710338592,0.6362043619155884,0.1198120638728141,0.1856787204742431
38943006,"Impact of periodontal disease on cognitive disorders, dementia, and depression: a systematic review and meta-analysis.",Review,12,0.9658333333333334,0.3275091363625093,0.0914339423179626,0.2113505618913282,0.0833333333333333,0.0,0.4822665220126509,0.4259013812988996,0.3611640234788258,2,1,4,3,1,1,0.3501220047473907,,0.2352548595517873,0.30699522793293,,,0.8411588668823242,0.7901927828788757,0.4903526902198791,0.4044119417667389,0.7132416367530823,0.8037819862365723,0.5607852339744568
30011036,Impact of Smoking Cessation on Periodontitis: A Systematic Review and Meta-analysis of Prospective Longitudinal Observational and Interventional Studies.,Review,18,0.9722222222222222,0.3123833328923758,-0.0506771244108676,0.2845248922198439,0.1111111111111111,0.0555555555555555,0.4944569273955292,0.8965177834033966,0.4573316214715733,0,1,5,5,7,0,,,0.2001280998811125,0.3508133068680763,0.3401191773868742,,0.8065513372421265,0.7005876898765564,0.5979636311531067,0.547049880027771,0.7320929765701294,0.8065513372421265,0.8065513372421265
36359741,Biological Roles of Fibroblasts in Periodontal Diseases.,Review,7,0.9757142857142858,0.688895046710968,0.3463481068611145,0.2302228130159159,0.1428571428571428,0.1428571428571428,0.8240550926753453,0.922082930803299,0.7200583020846049,6,1,0,0,0,0,0.5871410369873047,,,,,,,,,,,,
41966251,Adverse childhood experiences and periodontal diseases and tooth loss in adults: A systematic review and meta-analysis.,Review,12,0.9741666666666668,0.2460768375207077,0.0195967890322208,0.1376336393057528,0.1666666666666666,0.0833333333333333,0.3911834691340725,0.3990483526140451,0.4073509714669651,0,1,5,1,4,1,,,0.3559585362672806,,0.1954778575648864,,0.6312063932418823,0.6352849006652832,0.3263637125492096,0.3067977130413055,0.8032932281494141,0.6312063932418823,0.5962370038032532
29587489,"EB 2017 Article: Changes in advanced glycation end products, beta-defensin-3, and interleukin-17 during diabetic periodontitis development in rhesus monkeys.",Clinical,16,0.98125,0.5186998998125394,0.0472632199525833,0.2230524695407759,0.1875,0.1875,0.6780768800526857,0.758448451757431,0.6239933855831623,2,3,5,3,3,0,0.8804585933685303,0.7603882948557535,0.1775364361703396,0.6487183769543966,0.6654482881228129,,0.8613454699516296,0.7449002265930176,0.7147976160049438,0.7194175720214844,0.74452805519104,0.8889527320861816,0.8889527320861816
37986698,Association between sequelae of COVID-19 with periodontal disease and obesity: A cross-sectional study.,Clinical,16,0.985625,0.3217135662833849,0.0278027355670928,0.2641254684101116,0.0625,0.0,0.4466936183162033,0.4747005589306354,0.4048869694272677,0,1,8,5,2,0,,,0.2071060645394027,0.4102501593530178,0.1296789497137069,,0.6316219568252563,0.7464820146560669,0.6479300856590271,0.6003501415252686,0.6989720463752747,0.6316219568252563,0.6316219568252563
35055807,The Gaseous Ozone Therapy as a Promising Antiseptic Adjuvant of Periodontal Treatment: A Randomized Controlled Clinical Trial.,Clinical,13,0.9846153846153848,0.4205371681600809,-0.028228536248207,0.2928216133329391,0.3076923076923077,0.2307692307692307,0.6079971999503099,0.3750039506703615,0.4678949171846563,4,1,5,1,2,0,0.417666698495547,,0.392972407490015,,0.0862575024366378,,0.5311241745948792,0.3880810141563415,0.6603749394416809,0.7383162975311279,0.3610479831695556,0.5088437795639038,0.5088437795639038
29633261,Brain natriuretic peptide serum levels in periodontitis.,Clinical,15,0.984,0.4035358410328626,0.0098336860537529,0.3121893342023188,0.2666666666666666,0.1333333333333333,0.5997256803015868,0.8088062107563019,0.4946390728333166,3,1,5,3,3,0,0.4058370192845662,,0.1746548576280474,0.8532788157463074,0.3289957630137602,,0.8675503730773926,0.8612436652183533,0.6870477795600891,0.6906268000602722,0.9607599973678588,0.7435184121131897,0.7435184121131897
24857320,Association between metabolic syndrome and periodontal disease measures in postmenopausal women: the Buffalo OsteoPerio study.,Clinical,12,0.9816666666666668,0.3715124076062983,0.0539399236440658,0.2349328780282803,0.25,0.0833333333333333,0.5034102822343508,0.5771510303020477,0.4475425854325294,0,1,5,3,2,1,,,0.3881950885057449,0.4736008445421855,0.0632955878973007,,0.5744937658309937,0.5817002058029175,0.7099589109420776,0.6272072196006775,0.6522760987281799,0.5744937658309937,0.587929904460907
20662907,The effect of initial treatment of periodontitis on systemic markers of inflammation and cardiovascular risk: a randomized controlled trial.,Clinical,9,0.977777777777778,0.462695000693202,0.1543864905834198,0.2129666307196071,0.2222222222222222,0.1111111111111111,0.562035494380527,0.4834436476230621,0.4126850217580795,1,1,4,2,1,0,,,0.3053041696548462,0.4002287983894348,,,0.6212165951728821,0.3138982355594635,0.6932899355888367,0.7088221907615662,0.2633750438690185,0.6231749057769775,0.6231749057769775
31411781,Periodontal disease in Chinese patients with rheumatoid arthritis: A case-control study.,Clinical,13,0.9707692307692308,0.3467237173269192,0.0862591788172721,0.1617946598617082,0.0769230769230769,0.0769230769230769,0.3855395478984484,0.3176326528191566,0.4276276615758737,0,1,4,6,2,0,,,0.2854794859886169,0.334402555723985,0.283079594373703,,0.3965640366077423,0.4153043627738952,0.6066297292709351,0.4832412898540497,0.5144608020782471,0.3965640366077423,0.3965640366077423
35451654,"Is periodontal inflamed surface area associated with serum and salivary levels of IL-1beta, visfatin, and omentin-1 in overweight/obese patients?",Clinical,11,0.9854545454545456,0.442028869362548,-0.0069053857587277,0.3436608687016892,0.2727272727272727,0.0909090909090909,0.5054318444295363,0.4860609620809555,0.499091662466526,1,1,3,4,2,0,,,0.2990415791670481,0.4082418281274537,0.5526335835456848,,0.7654615640640259,0.7020936012268066,0.8151509761810303,0.798965334892273,0.7863569259643555,0.5516597032546997,0.5516597032546997
41280935,Effect of type 1 diabetes on the inflammatory response in periodontal disease.,Clinical,14,0.982857142857143,0.3632063568354799,-0.0482785962522029,0.3131123377968811,0.2857142857142857,0.1428571428571428,0.538307145770107,0.5644894242286682,0.4278912066615054,4,0,3,4,3,0,0.3275422253645956,,0.1243262775242328,0.487426017721494,0.2700722850859165,,,0.761466383934021,0.7234641313552856,,,0.606226921081543,0.606226921081543
33072198,Prevalence and Intensity of Periodontal Disease in Individuals with Metabolic Syndrome.,Clinical,12,0.975,0.5158218470486727,0.1345411241054535,0.2624094185219303,0.25,0.1666666666666666,0.6580211730518689,0.8224409818649292,0.6033856868743896,3,1,4,3,1,0,0.6440853873888651,,0.2583038887629906,0.7391742070515951,,,0.766907811164856,0.7949092388153076,0.3963561654090881,0.4128767549991607,0.9104548692703248,0.8231420516967773,0.8231420516967773
31694983,Clinical Evaluation of Obesity In Patients with Type 2 Diabetes Mellitus after Periodontal Treatment: A Comparative Study.,Clinical,8,0.985,0.7395163604191372,0.5976700782775879,0.0786591952020642,0.125,0.125,0.7896060794591904,0.7841428518295288,0.732380998134613,2,1,3,1,1,0,0.8276367783546448,,0.5966816544532776,,,,0.8756895065307617,0.771014928817749,0.8612223863601685,0.7462127208709717,0.7440311908721924,0.8747538328170776,0.8747538328170776
27160833,Family history of periodontal disease and prevalence of smoking status among adult periodontitis patients: a cross-sectional study.,Clinical,11,0.9872727272727274,0.5028337428346277,-0.0121928434818983,0.2598409540157189,0.1818181818181818,0.0909090909090909,0.7127033099532127,0.4429906643927097,0.5681623398241672,0,2,3,4,2,0,,0.6072930097579956,0.5951399803161621,0.6595073938369751,0.0127398446202278,,0.622530460357666,0.6162314414978027,0.7960765361785889,0.8437837362289429,0.8685346841812134,0.622530460357666,0.622530460357666
34810387,Efficacy of antioxidants therapy on progression of periodontal disease - A randomized control trial.,Clinical,14,0.977857142857143,0.3137531174490085,-0.056253645569086,0.2704014284918137,0.1428571428571428,0.1428571428571428,0.4732830516461815,0.2650910504162311,0.3807120429208645,3,1,6,2,2,0,0.6841304898262024,,0.2173763641466697,0.3282312750816345,-0.056253645569086,,0.3211706578731537,0.3679722547531128,0.542740523815155,0.4997877478599548,0.3628226220607757,0.3859067857265472,0.3859067857265472
35729603,Periodontal conditions in a 65-year-old population and prevalence of periodontitis according to three different bone level thresholds.,Clinical,11,0.981818181818182,0.2981185911223292,-0.0362460166215896,0.2778434118126855,0.2727272727272727,0.0909090909090909,0.5591008233922449,0.6919936537742615,0.4070250079035759,0,1,2,4,4,0,,,0.1936326324939727,0.3361297454684973,0.3106793363889058,,0.7885711193084717,0.8248440027236938,0.6500510573387146,0.6236992478370667,0.7036008238792419,0.7885711193084717,0.7885711193084717
26942441,Essential and Toxic Metals in Oral Fluid-a Potential Role in the Diagnosis of Periodontal Diseases.,Clinical,8,0.9775,0.5267345394407,0.2833696603775024,0.105434126905601,0.125,0.125,0.7207550816237926,0.8029516339302063,0.6565224379301071,1,1,1,4,1,0,,,,0.5433171639839808,,,0.7808743715286255,0.6832473278045654,0.5919753313064575,0.6066936254501343,0.8525141477584839,0.8321205973625183,0.8321205973625183
23725523,A short-term evaluation of the relationship between plasma ascorbic acid levels and periodontal disease in systemically healthy and type 2 diabetes mellitus subjects.,Clinical,14,0.9892857142857144,0.2940389081262625,-0.0114627182483673,0.2112577666571918,0.1428571428571428,0.0714285714285714,0.4305070594751409,0.7434950172901154,0.3768760847548644,1,1,7,3,2,0,,,0.1879613329434678,0.199699526031812,0.7013620734214783,,0.7638871669769287,0.3274432420730591,0.5401254892349243,0.5218647718429565,0.3252935111522674,0.8061107397079468,0.8061107397079468
38308835,"Oral parasitic protozoan Entamoeba gingivalis in periodontal disease patients, northeastern Thailand.",Clinical,11,0.9727272727272728,0.6169598877429963,0.2366214394569397,0.1895156743604357,0.1818181818181818,0.1818181818181818,0.7425390211018649,0.8228177130222321,0.6696802642610338,1,1,3,4,2,0,,,0.3355685472488403,0.6818991402784983,0.8547091484069824,,0.8807092308998108,0.8289927244186401,0.7740326523780823,0.7986485958099365,0.8901515007019043,0.854438304901123,0.854438304901123
27277362,Factors Associated with Periodontal Disease in Pregnant Diabetic Women.,Clinical,8,0.97625,0.5044256682906832,0.1552611291408538,0.2275838770354669,0.25,0.125,0.6621489450335503,0.6756300330162048,0.597298903124673,2,0,2,3,1,0,0.8005528450012207,,0.5088303089141846,0.4230990509192149,,,,0.5936827659606934,0.796240508556366,,,0.7350425720214844,0.7350425720214844
23216882,Adjunctive effect of chlorhexidine antiseptics in mechanical periodontal treatment: first results of a preliminary case series.,Clinical,14,0.9842857142857144,0.2585271318944601,-0.0235126838088035,0.2108904612127841,0.2142857142857142,0.2142857142857142,0.3854877725243568,0.2620960623025894,0.3252945080972634,0,2,5,3,3,1,,0.0315575674176216,0.2536277743056416,0.3564604371786117,0.2146686452130476,,0.5804280042648315,0.3763058185577392,0.6153135895729065,0.6102454662322998,0.2629463672637939,0.5804280042648315,0.5542353391647339
36538094,Efficacy of the additional use of subgingival air-polishing with erythritol powder in the treatment of periodontitis patients: a randomized controlled clinical trial. Part II: effect on sub-gingival microbiome.,Clinical,15,0.9686666666666668,0.3142005382105708,-0.0137689914554357,0.1960932084751885,0.0666666666666666,0.0666666666666666,0.4530229101578394,0.5083810314536095,0.3966878446248861,1,1,7,2,4,0,,,0.2705082297325134,0.4548860490322113,0.2046250120426217,,0.6591047048568726,0.3341700732707977,0.3714006543159485,0.6283572316169739,0.2586852312088012,0.6476544141769409,0.6476544141769409
23811642,Evaluation of periodontal status in alcoholic liver cirrhosis patients: a comparative study.,Clinical,18,0.963888888888889,0.3239529159139184,0.1397851705551147,0.1654931714548253,0.1111111111111111,0.0555555555555555,0.4835402154260211,0.7077028155326843,0.4908413992208593,5,2,6,1,4,0,0.2914298370480537,0.8327488899230957,0.3250721126794815,,0.3007492658992608,,0.6632164716720581,0.3862435221672058,0.2756868600845337,0.5526988506317139,0.0693098977208137,0.6376155018806458,0.6376155018806458
25454747,The impact of some behavioral aspects on periodontal disease in a group of Romanian students - an epidemiological survey.,Clinical,17,0.9776470588235294,0.3523046672344208,0.0256522372364997,0.2063209919213036,0.2352941176470588,0.0588235294117647,0.4454641160281265,0.6497073173522949,0.4353583756834268,0,1,8,5,2,1,,,0.2349397508161408,0.5313477426767349,0.0028043594211339,,0.3947314620018005,0.5436551570892334,0.595447301864624,0.5301264524459839,0.7182226777076721,0.3947314620018005,0.6151344776153564
40016818,Subgingivally Delivered Spirulina Gel and Chlorhexidine Gel in Periodontitis Patients - A Comparative Study.,Clinical,14,0.9807142857142858,0.2361536681508788,-0.0379682406783103,0.18486268867216,0.2857142857142857,0.2142857142857142,0.4583430987383638,0.4816467352211475,0.264180370964683,3,2,6,1,2,0,0.1580137958129247,0.3408992886543274,0.1987475030745069,,0.0264846496284008,,0.571790337562561,0.3389098644256592,0.4988397657871246,0.4838483929634094,0.5181273221969604,0.6723066568374634,0.6723066568374634
36656194,Correlation of COVID-19 with severity of periodontitis-A clinical and biochemical study.,Clinical,13,0.9738461538461538,0.3948185027499373,-0.0458335131406784,0.3113185146305369,0.2307692307692307,0.1538461538461538,0.639348030090332,0.8457337319850922,0.4400750441321482,3,2,4,1,3,0,0.6970644593238831,0.0034542637877166,0.3281567121545474,,0.296408465752999,,0.6899155378341675,0.4405580461025238,0.6560415625572205,0.6125459671020508,0.3541912734508514,0.8589462637901306,0.8589462637901306
40915974,The Interplay Between Lifestyle and Oral/Faecal Microbial Profiles Among Periodontal Disease Patients: A Cross-Sectional Study.,Clinical,13,0.9776923076923076,0.3466843261073033,-0.048957385122776,0.2760859125172669,0.1538461538461538,0.0769230769230769,0.5195358851208136,0.7721957564353943,0.4104883413140972,0,1,3,6,3,0,,,0.2041912252704302,0.363341915110747,0.2309410544112324,,0.7828016877174377,0.588433027267456,0.6645358800888062,0.6250723600387573,0.688345193862915,0.7828016877174377,0.7828016877174377
31116056,Age and female gender associated with periodontal disease in Japanese patients with rheumatoid arthritis: Results from self-reported questionnaires from the IORRA cohort study.,Clinical,7,0.9828571428571428,0.4952549065152804,0.2474006563425064,0.18811679164144,0.1428571428571428,0.0,0.7190347186156681,0.7960778474807739,0.664307963848114,0,1,1,3,2,0,,,,0.5477517346541086,0.717910647392273,,0.858954668045044,0.8869825601577759,0.2968497276306152,0.3196969926357269,0.8460884094238281,0.858954668045044,0.858954668045044
20450373,Assessment of the effects of dentifrice on periodontal disease biomarkers in gingival crevicular fluid.,Clinical,17,0.98,0.2027269399841316,-0.0365822575986385,0.16499005628225,0.1764705882352941,0.1176470588235294,0.4090612261172603,0.3720406666398048,0.3180225947323967,3,0,7,4,3,0,0.340651772916317,,0.2331256995953264,0.1087228910376628,0.1592765962705016,,,0.5822048783302307,0.5608185529708862,,,0.3939746618270874,0.3939746618270874
33231907,Periodontal disease and preterm birth: Findings from the 2015 Pelotas birth cohort study.,Clinical,14,0.9871428571428572,0.317160214870595,0.0134464940056204,0.2426171887438258,0.1428571428571428,0.1428571428571428,0.5508541262575558,0.7964721918106079,0.437385825583568,0,1,5,5,3,0,,,0.2242105758748948,0.3724170684814453,0.331383652985096,,0.773409366607666,0.7713085412979126,0.7106713056564331,0.6982212662696838,0.8033263683319092,0.773409366607666,0.773409366607666
36243992,Periodontal health in a population with Parkinson's disease in Spain: a cross-sectional study.,Clinical,10,0.985,0.2412965006919371,0.0061870878562331,0.1378452360831942,0.2,0.2,0.4152544699609279,0.4611085057258606,0.2856279346677992,0,1,3,4,2,0,,,0.1632183641195297,0.174003559940805,0.4368909299373626,,0.5440092086791992,0.6870852708816528,0.6738624572753906,0.5028116703033447,0.4974104464054107,0.5440092086791992,0.5440092086791992
32193820,Effect of diode laser application as an adjunct to nonsurgical periodontal therapy on the reduction of red complex microorganisms in type 2 diabetics with chronic periodontitis.,Clinical,8,0.98625,0.3667042979172298,0.2628577649593353,0.1051921938923965,0.0,0.0,0.5605268105864525,0.6725250780582428,0.3293118774890899,1,1,3,1,1,1,,,0.2613672465085983,,,,0.5432574152946472,0.2628577351570129,0.3771374225616455,0.450804591178894,0.356749415397644,0.6178443431854248,0.7828429937362671
37970930,Factors associated with periodontal diseases in pregnancy: Findings of the 2015 Pelotas Birth Cohort Study.,Clinical,11,0.9827272727272728,0.4899895332753658,0.1183123216032981,0.2634677629064642,0.2727272727272727,0.0909090909090909,0.6361740583723242,0.7269249260425568,0.5319698303937912,1,1,4,4,1,0,,,0.367619218925635,0.4357275478541851,,,0.8895576000213623,0.8179312348365784,0.7486027479171753,0.6958533525466919,0.7305751442909241,0.9080544114112854,0.9080544114112854
41150907,"Effects of Mobile-Based AI-Enhanced Health Counseling on Protection Motivation, Self-Care Behaviors, and Periodontal Treatment Outcomes in Patients With Periodontitis: Randomized Controlled Trial.",Clinical,15,0.988,0.3343039775001151,0.0422830991446971,0.2346725547930063,0.2,0.1333333333333333,0.5101255943377813,0.6972900331020355,0.4529678129724094,1,2,6,3,3,0,,0.1412310898303985,0.2207516911129156,0.4066004504760106,0.7393657763799032,,0.6444841623306274,0.5033743381500244,0.7102758288383484,0.5792458653450012,0.4054292142391205,0.7661139965057373,0.7661139965057373
34911520,Periodontitis as a risk for oral cancer: a case-control study.,Clinical,19,0.9894736842105262,0.4720014746611317,-0.0390508361160755,0.2707188254178296,0.1578947368421052,0.1052631578947368,0.6305264276697448,0.6230716705322266,0.5706111122336652,2,1,4,8,4,0,0.7152856588363647,,0.435779611269633,0.4084382904693484,0.3119831904768944,,0.6050872206687927,0.7521382570266724,0.8160685896873474,0.6481140851974487,0.6099246740341187,0.7633805274963379,0.7633805274963379
26670655,Are sickle cell anaemia and sickle cell trait predictive factors for periodontal disease? A cohort study.,Clinical,16,0.975625,0.3910521202410261,-0.006719964556396,0.2447914507993731,0.3125,0.1875,0.54662523715524,0.7342204451560974,0.4740947753190994,4,1,6,3,2,0,0.5148554096619288,,0.1375511187439163,0.550374448299408,0.6048775911331177,,0.827462911605835,0.8392302989959717,0.6464074850082397,0.5037834048271179,0.818418025970459,0.8196350336074829,0.8196350336074829
41511127,PEPTIDYLARGININE DEIMINASE 4 AND FUSOBACTERIUM NUCLEATUM: A HIDDEN ALLIANCE IN PERIODONTAL DISEASE PROGRESSION.,Clinical,15,0.988,0.3014303975339447,0.0012853890657424,0.2207071623941425,0.2666666666666666,0.1333333333333333,0.5036120275656383,0.6087405979633331,0.4576317114898792,1,1,5,4,4,0,,,0.2327321916818618,0.4108053793509801,0.3466811074564854,,0.8166046142578125,0.8053476214408875,0.7109744548797607,0.6592556238174438,0.8508532643318176,0.7384641170501709,0.7384641170501709
37722082,"Duration and frequency of betel quid chewing affects periodontitis severity and life quality of people in Tanini Village, Kupang, Indonesia.",Clinical,15,0.9866666666666668,0.3226750711245196,-0.0453965775668621,0.2276312722490572,0.2,0.1333333333333333,0.4685998484492302,0.7232042253017426,0.4364050494936796,1,1,5,4,4,0,,,0.2895335927605629,0.3233743583162625,0.2986692655831575,,0.6249314546585083,0.5994278788566589,0.4418472647666931,0.4164547622203827,0.7329474091529846,0.7330034971237183,0.7330034971237183
33176415,Efficacy ozone therapy in reducing oral infection of periodontal disease: a randomized clinical trial.,Clinical,11,0.981818181818182,0.4299115590751171,0.1029569134116172,0.1804340515990792,0.0909090909090909,0.0909090909090909,0.5029294003139843,0.6320717632770538,0.4931528185095106,1,1,7,1,1,0,,,0.3232899953921636,,,,0.9207522869110109,0.5677480697631836,0.5042043924331665,0.484079360961914,0.5472848415374756,0.8030515909194946,0.8030515909194946
20367098,Human papillomavirus-16 prevalence in gingival tissue and its association with periodontal destruction: a case-control study.,Clinical,9,0.977777777777778,0.2697341211605817,-0.0138564016669988,0.3194397209706366,0.0,0.0,0.617852094479733,0.4373902240768075,0.2245397458651236,2,1,3,1,2,0,0.6815109848976135,,0.0570518064002196,,-0.0138564016669988,,0.6055796146392822,0.6475643515586853,0.642728328704834,0.5892707705497742,0.910683274269104,0.622893750667572,0.622893750667572
24386401,Periodontitis is associated with endothelial dysfunction in a general population: a cross-sectional study.,Clinical,16,0.979375,0.2951282893617948,0.0415446236729621,0.1690626123472677,0.0625,0.0625,0.4863036861643195,0.6320532858371735,0.3905162235101064,2,1,5,5,3,0,0.4151410162448883,,0.1911659255623817,0.2667770259082317,0.4114537338415782,,0.7681884169578552,0.643052339553833,0.5691553354263306,0.6168009042739868,0.393303245306015,0.7960169315338135,0.7960169315338135
38899599,Treatment of periodontitis ameliorates the severity and extent of psoriasis-A randomized clinical trial.,Clinical,15,0.9746666666666668,0.2419893435601677,0.0391548611223697,0.1892197896447788,0.1333333333333333,0.0666666666666666,0.3640278282264868,0.4369087484665215,0.3285227327474526,0,1,7,5,2,0,,,0.2091165971720502,0.2471197769045829,0.0641205757856369,,0.5989772081375122,0.403471827507019,0.4897990226745605,0.7064746618270874,0.2473516911268234,0.5989772081375122,0.5989772081375122
24160246,IQuaD dental trial; improving the quality of dentistry: a multicentre randomised controlled trial comparing oral hygiene advice and periodontal instrumentation for the prevention and management of periodontal disease in dentate adults attending dental primary care.,Clinical,18,0.9666666666666666,0.2878914768533671,-0.0062372842803597,0.1925329011429388,0.2222222222222222,0.1111111111111111,0.5015743300318718,0.2701410204172134,0.3640031039933948,8,1,6,0,3,0,0.1577134105443422,,0.2982374578714371,,0.2418668195605278,,0.5051988363265991,,,0.6950836181640625,,0.6625170111656189,0.6625170111656189
34415433,Effect of periodontal disease on oxidative stress markers in patients with atherosclerosis.,Clinical,20,0.98,0.4329764725346314,-0.0595185905694961,0.3230120423258844,0.25,0.1,0.4029534325003624,0.5194568634033203,0.6257486914594969,1,1,6,6,6,0,,,0.2040613840023676,0.5109845250844955,0.7837407708168029,,0.9124236702919006,0.3240740001201629,0.7271597981452942,0.610378623008728,0.3343513011932373,0.6064629554748535,0.6064629554748535
41053683,Salivary chromogranin A levels in periodontal health status: a cross-sectional study evaluating clinical and psychological associations.,Clinical,15,0.9506666666666668,0.2566168176542435,-0.032237846404314,0.2644612415552631,0.0666666666666666,0.0666666666666666,0.5083129316568374,0.6760591864585876,0.3801046939832823,4,1,6,2,2,0,0.1196168639386693,,0.1991953528175751,0.61909019947052,0.6499819755554199,,0.8702096939086914,0.7207522392272949,0.6522760987281799,0.7514255046844482,0.8127655386924744,0.7443206310272217,0.7443206310272217
34221032,Effects of an oral hygiene regimen on progression of gingivitis/early periodontitis: A randomized controlled trial.,Clinical,14,0.985,0.2516288568194096,-0.0520454049110412,0.2624204289144179,0.1428571428571428,0.1428571428571428,0.4341619507010494,0.3691896609961986,0.2721112240105867,2,1,6,3,2,0,-0.0520454049110412,,0.2457877529164155,0.3388411949078242,-0.020753838121891,,0.5253726840019226,0.396319568157196,0.5152636766433716,0.6883625984191895,0.3863547146320343,0.5276167392730713,0.5276167392730713
42021448,Periodontal Disease in Smokers.,Clinical,9,0.99,0.345210368745029,0.0035501029342412,0.327973319059066,0.1111111111111111,0.1111111111111111,0.6159007632070117,0.3949893806129694,0.3467928216393505,2,1,3,1,2,0,0.7957459688186646,,0.1979092260201772,,0.0035501029342412,,0.5706549286842346,0.6275104880332947,0.518097996711731,0.6563053131103516,0.6712425947189331,0.5576103925704956,0.5576103925704956
34555048,"Effect of advanced periodontal self-care in patients with early-stage periodontal diseases on endothelial function: An open-label, randomized controlled trial.",Clinical,13,0.97,0.3067769510671496,0.0363412499427795,0.1858207925118112,0.1538461538461538,0.0769230769230769,0.3555963767262605,0.3930927142500877,0.4430487170815468,1,1,4,6,1,0,,,0.2738780758033196,0.3229878683884938,,,0.5568654537200928,0.1425441205501556,0.5002117156982422,0.4544250965118408,0.3195023536682129,0.6379419565200806,0.6379419565200806
29949223,"Salivary fetuin-A, S100A12, and high-sensitivity C-reactive protein levels in periodontal diseases.",Clinical,9,0.9866666666666668,0.64393699914217,0.490139365196228,0.146917886931637,0.2222222222222222,0.1111111111111111,0.7439770301183065,0.7504711747169495,0.7088752048356193,1,1,2,3,2,0,,,0.5566242337226868,0.6570809880892435,0.8326140642166138,,0.8299804925918579,0.8194925785064697,0.7229024171829224,0.8675234317779541,0.8353468179702759,0.7839952707290649,0.7839952707290649
39616515,Effects of Local and Systemic Metronidazole as Adjunctive Treatment in Chronic Periodontitis Patients.,Clinical,17,0.9764705882352942,0.2237679364043288,-0.0124267917126417,0.2140790676630137,0.1764705882352941,0.0588235294117647,0.4171155656085294,0.2193076014518737,0.353855972411111,4,2,6,2,2,1,0.3185600116848945,-0.0124267917126417,0.2014349870383739,0.839767575263977,0.0987007170915603,,0.4536699652671814,0.3218728601932525,0.4770757853984833,0.422935426235199,0.1293549835681915,0.5818501114845276,0.5559093952178955
23121152,The impact of oral health literacy on periodontal health status.,Clinical,15,0.9866666666666668,0.3182750320328133,-0.0027233399450778,0.2402257267786973,0.2666666666666666,0.1333333333333333,0.4228718865041931,0.3363388944417238,0.4090766675238098,0,1,5,7,2,0,,,0.276277007162571,0.3337723875329608,0.0370012000203132,,0.4670920372009277,0.5942290425300598,0.6010810732841492,0.6687448024749756,0.5454767346382141,0.4670920372009277,0.4670920372009277
