Dataset,PMID,Title,n_sentences_MiniLM,mean_label_confidence_MiniLM,mean_local_similarity_MiniLM,min_local_similarity_MiniLM,local_similarity_volatility_MiniLM,local_discontinuity_burden_MiniLM,within_role_discontinuity_burden_MiniLM,mean_similarity_to_opening_anchor_MiniLM,final_similarity_to_opening_anchor_MiniLM,mean_similarity_to_own_role_anchor_loo_MiniLM,within_Methods_similarity_MiniLM,within_Results_similarity_MiniLM,conclusion_to_aim_alignment_MiniLM,conclusion_to_results_alignment_MiniLM,results_to_methods_alignment_MiniLM,methods_to_aim_alignment_MiniLM,results_to_aim_alignment_MiniLM,conclusion_to_background_plus_aim_alignment_MiniLM,conclusion_plus_future_to_background_plus_aim_alignment_MiniLM,n_sentences_MPNet,mean_label_confidence_MPNet,mean_local_similarity_MPNet,min_local_similarity_MPNet,local_similarity_volatility_MPNet,local_discontinuity_burden_MPNet,within_role_discontinuity_burden_MPNet,mean_similarity_to_opening_anchor_MPNet,final_similarity_to_opening_anchor_MPNet,mean_similarity_to_own_role_anchor_loo_MPNet,within_Methods_similarity_MPNet,within_Results_similarity_MPNet,conclusion_to_aim_alignment_MPNet,conclusion_to_results_alignment_MPNet,results_to_methods_alignment_MPNet,methods_to_aim_alignment_MPNet,results_to_aim_alignment_MPNet,conclusion_to_background_plus_aim_alignment_MPNet,conclusion_plus_future_to_background_plus_aim_alignment_MPNet
Review,32316357,Does Diabetes Induce the Vascular Endothelial Growth Factor (VEGF) Expression in Periodontal Tissues? A Systematic Review.,12,0.97,0.2986357852139256,-0.09075628221035,0.3300955512725,0.1666666666666666,0.0833333333333333,0.5432213296492895,0.4252724926918745,0.2902425053444775,0.2688083574175834,-0.0434607006609439,0.623849630355835,0.5159451961517334,0.6500505805015564,0.7243898510932922,0.6257463097572327,0.6217482686042786,0.6217482686042786,12,0.97,0.3560015156187794,0.008713461458683,0.3421037304949955,0.0833333333333333,0.0833333333333333,0.5969757721759379,0.4750715885311365,0.3532672719183293,0.3184039242565631,-0.0124206524342298,0.6661962270736694,0.606998085975647,0.6440926790237427,0.7672669291496277,0.6754236221313477,0.6668599843978882,0.6668599843978882
Review,39948158,The impact of e-cigarette use on periodontal health: a systematic review and meta-analysis.,17,0.9811764705882352,0.2543467448558658,-0.0248483531177043,0.2299747542026248,0.0588235294117647,0.0,0.3663479887387332,0.1928823925554752,0.3867152541875839,0.1305922636141379,0.4965560510754585,0.4585414230823517,0.7517340183258057,0.3351690173149109,0.3912373781204223,0.4860665798187256,0.534804105758667,0.534804105758667,17,0.9811764705882352,0.3311550333164632,-0.0511151775717735,0.2046692649258982,0.1176470588235294,0.0,0.4543444251312929,0.2121200561523437,0.4324745814005534,0.189314603805542,0.5114904135465622,0.6080741882324219,0.7649905681610107,0.5114642381668091,0.5086693167686462,0.6372689008712769,0.6614949107170105,0.6614949107170105
Review,40897233,Clinical outcomes of periodontal regeneration using biologic agents alone or in combination with graft materials for intrabony defects: A systematic review and meta-analysis.,14,0.9814285714285716,0.2713749527644652,-0.0055460277944803,0.1624683577050855,0.2142857142857142,0.1428571428571428,0.3673074868108545,0.4185573309659958,0.3154331408441067,0.2878433962663014,0.2606164820492267,0.5879712700843811,0.6423207521438599,0.5907778143882751,0.538122832775116,0.3290178179740906,0.5879712700843811,0.5879712700843811,14,0.9814285714285716,0.3519499572710349,-0.0088684242218732,0.2067812223207379,0.2142857142857142,0.1428571428571428,0.4422981696469443,0.4582881927490234,0.3921169911378196,0.3588149795929591,0.3612140268087387,0.6165595650672913,0.705683708190918,0.7009756565093994,0.6119576692581177,0.4813196659088135,0.6165595650672913,0.6165595650672913
Review,39248301,The impact of systemic and topical antimicrobial therapy combined with non-surgical periodontal therapy: A meta-analysis.,13,0.9846153846153848,0.2035869157407432,-0.0404628217220306,0.2587546164261293,0.0,0.0,0.441738846210333,0.4858090579509735,0.2678729086183011,0.1328439762194951,0.3125636180241902,0.5504940748214722,0.7864197492599487,0.3651986122131347,0.5633406043052673,0.3965510725975036,0.5810703039169312,0.5810703039169312,13,0.9846153846153848,0.211947716306895,0.0037569534033536,0.2186494902606263,0.0,0.0,0.4676362104140795,0.5235247611999512,0.2683903781386713,0.1204428281635046,0.2818767835075657,0.58162522315979,0.7771710753440857,0.4130290150642395,0.5497809648513794,0.4462201595306396,0.6480104923248291,0.6480104923248291
Review,27454460,Root coverage procedures improve patient aesthetics. A systematic review and Bayesian network meta-analysis.,8,0.98375,0.2324978624071393,0.0683775544166565,0.1033785616408591,0.25,0.125,0.4338531442917883,0.3787318188697099,0.2477105728217533,0.3733854293823242,0.2208860417207082,0.5181844234466553,0.611432671546936,0.5704865455627441,0.524135172367096,0.4061528444290161,0.5181844234466553,0.5181844234466553,8,0.98375,0.2508394920400211,0.0819773375988006,0.1221786231612167,0.25,0.125,0.5115941669791937,0.4600360244512558,0.2635695913008281,0.3325517177581787,0.2497248947620391,0.6176430583000183,0.7134261727333069,0.6275377869606018,0.6211758255958557,0.5462707281112671,0.6176430583000183,0.6176430583000183
Review,26595831,Association of susceptible genotypes to periodontal disease with the clinical outcome and tooth survival after non-surgical periodontal therapy: A systematic review and meta-analysis.,16,0.985,0.2240954069420695,-0.0083545185625553,0.188776086156861,0.125,0.0,0.3289827232947573,0.3657200783491134,0.307839535176754,0.173206723605593,0.1832442626357078,0.5296947956085205,0.4446271657943725,0.5258718729019165,0.1832576543092727,0.5985637903213501,0.5533971786499023,0.5135166049003601,16,0.985,0.267033768693606,0.0410056114196777,0.177734292191745,0.125,0.0625,0.379072647774592,0.4495140016078949,0.3662666479746501,0.2271520330260197,0.216466652477781,0.6244142651557922,0.5476687550544739,0.6387693285942078,0.2938286066055298,0.6271575689315796,0.6481245756149292,0.5934450626373291
Review,34246253,Effects of non-surgical periodontal therapy on periodontal clinical data in periodontitis patients with rheumatoid arthritis: a meta-analysis.,19,0.9778947368421052,0.3574722496171792,0.0551500916481018,0.2164606932488529,0.2105263157894736,0.1578947368421052,0.4061078719402614,0.4915710240602493,0.4445424824953079,0.2941298044863201,0.3450590103864669,0.6511765122413635,0.6567317247390747,0.6224100589752197,0.4494685232639313,0.5105292797088623,0.67817223072052,0.6295172572135925,19,0.9778947368421052,0.3793535431226094,0.0678655356168747,0.2373883622733235,0.2105263157894736,0.1052631578947368,0.4471591483605535,0.587185874581337,0.5039504254236817,0.3393451195387613,0.3720388010144234,0.6136733889579773,0.6905016899108887,0.6898279190063477,0.4726077616214752,0.5192227363586426,0.7107218503952026,0.6765334606170654
Review,31577700,Association between the IL-10 rs1800872 polymorphisms and periodontitis susceptibility: A meta-analysis.,12,0.9825,0.2890418994833122,0.0361088626086711,0.2096586824645718,0.1666666666666666,0.1666666666666666,0.5058516748249531,0.6161329001188278,0.3196193650364876,0.0392035283148288,0.217535350471735,0.2427747249603271,0.6467143297195435,0.5526773929595947,0.3786304295063019,0.3659515082836151,0.7265780568122864,0.7265780568122864,12,0.9825,0.3432087518952109,0.0548209547996521,0.2061823414001408,0.1666666666666666,0.0833333333333333,0.5688434988260269,0.6746530532836914,0.3959167172962969,0.1326729133725166,0.2575921782602866,0.3515090048313141,0.722086489200592,0.612823486328125,0.4853541851043701,0.5026001930236816,0.7774149179458618,0.7774149179458618
Review,33179280,Is periodontal disease a risk indicator for colorectal cancer? A systematic review and meta-analysis.,12,0.9783333333333334,0.247458815574646,0.1011963784694671,0.1856220736898615,0.0,0.0,0.5176189709454775,0.6098521649837494,0.2920660823583603,0.2497444599866867,0.1624026745557785,0.784104585647583,0.6308650970458984,0.6292524337768555,0.6393481492996216,0.5668656826019287,0.7083697319030762,0.7083697319030762,12,0.9783333333333334,0.3519848652861335,0.1581653356552124,0.1994307847228068,0.0,0.0,0.5808972169955572,0.6726218163967133,0.3844331123612143,0.451242983341217,0.2018133302529653,0.7913331985473633,0.6951967477798462,0.6488315463066101,0.780580461025238,0.6153395175933838,0.7428963780403137,0.7428963780403137
Review,41810713,Oral Health and Oral Hygiene Status Among the Particularly Vulnerable Tribal Groups (PVTGs) of India: A Systematic Review and Meta-Analysis.,17,0.9794117647058824,0.3095144927501678,0.0305550247430801,0.1634352409047079,0.1764705882352941,0.0588235294117647,0.4597772977807942,0.3631474040448665,0.4063107622787356,0.2490420147776603,0.2406929954886436,0.7482279539108276,0.5685377717018127,0.5690670013427734,0.4087378084659576,0.6183559894561768,0.8103243112564087,0.8103243112564087,17,0.9794117647058824,0.3745065028779208,0.0525919720530509,0.2058045760025621,0.1764705882352941,0.0588235294117647,0.5046136449365055,0.4065665528178215,0.5041130883619189,0.3293404807647069,0.3082185596227645,0.7727712392807007,0.6497324705123901,0.700227677822113,0.4511435329914093,0.7112008333206177,0.8384205102920532,0.8384205102920532
Review,26897256,Growth factors and beta-tricalcium phosphate in the treatment of periodontal intraosseous defects: A systematic review and meta-analysis of randomised controlled trials.,13,0.98,0.3498475085943937,0.0028676465153694,0.2354140669140904,0.2307692307692307,0.1538461538461538,0.2732998552517249,0.4912633299827575,0.4282601978629827,0.2557726110021273,0.3468050956726074,0.6355762481689453,0.375586450099945,0.5833237171173096,0.1212444379925727,0.1622925847768783,0.6355762481689453,0.6355762481689453,13,0.98,0.4164455635473132,0.027826365083456,0.2445680105582341,0.2307692307692307,0.1538461538461538,0.298948623956396,0.5025714188814163,0.5054126835117737,0.3747633521755536,0.5514258146286011,0.6682109236717224,0.4720540046691894,0.7243366837501526,0.1709795594215393,0.1893768310546875,0.6682109236717224,0.6682109236717224
Review,39808292,"Weighing up the potential of ""superfoods"" compounds of green tea or turmeric as adjuncts in comparison to established therapeutical approaches for periodontal disease.",12,0.9825,0.2868133205920458,0.0086323861032724,0.2875461045802274,0.0,0.0,0.4901154797213773,0.4332903921604156,0.3733514375984669,0.2223952859640121,0.3611193870504697,0.6262895464897156,0.6603070497512817,0.6568160057067871,0.6372249126434326,0.7591718435287476,0.6262895464897156,0.5393984913825989,12,0.9825,0.3253176598386331,0.0353590250015258,0.2810654327056981,0.0833333333333333,0.0833333333333333,0.5396168135727445,0.4984423518180847,0.3969979599118233,0.3023675680160522,0.3485009626795848,0.7294929623603821,0.7700749039649963,0.7252546548843384,0.6881802678108215,0.8015305995941162,0.7294929623603821,0.6478608250617981
Review,26928597,The concomitant administration of systemic amoxicillin and metronidazole compared to scaling and root planing alone in treating periodontitis: =a systematic review=.,15,0.9760000000000002,0.2854255091931139,-0.0506220385432243,0.2281214124164191,0.0666666666666666,0.0,0.4297379355877638,0.5387321710586548,0.3749094754457474,0.1987019681061307,0.3129593605796496,0.6740149259567261,0.6585249304771423,0.4389000535011291,0.2145316302776336,0.5582289695739746,0.7844770550727844,0.7844770550727844,15,0.9760000000000002,0.351755686636482,0.0738445743918418,0.2151347280889091,0.2,0.0666666666666666,0.4622538238763809,0.557078555226326,0.4540339811490132,0.2423596096535523,0.4408271908760071,0.6920738220214844,0.6598989963531494,0.5981817245483398,0.3271734416484833,0.5464960336685181,0.7636542916297913,0.7636542916297913
Review,34608627,Periodontitis and Systemic Lupus Erythematosus: A systematic review and meta-analysis.,12,0.9683333333333334,0.4498422220349312,0.0521408915519714,0.2347487438997899,0.1666666666666666,0.0833333333333333,0.5467389964809021,0.6746292412281036,0.428976472467184,0.3310184081395467,0.2909666926600039,0.4955462515354156,0.6753890514373779,0.7655763626098633,0.5835515260696411,0.4740779995918274,0.6997676491737366,0.7422047853469849,12,0.9683333333333334,0.5341464484279806,0.1073395013809204,0.2561084413106921,0.1666666666666666,0.0833333333333333,0.6183610558509827,0.7463338971138,0.5005605593323708,0.4010337690512339,0.3603105340152979,0.549203634262085,0.7543361186981201,0.7515193223953247,0.6542549133300781,0.5075128674507141,0.7623579502105713,0.7935237884521484
Review,36377800,Periodontitis and risk of immune-mediated systemic conditions: A systematic review and meta-analysis.,14,0.9835714285714288,0.2707486897706985,-0.0496537834405899,0.2643450842920907,0.2142857142857142,0.0714285714285714,0.4008415495710714,0.5093018710613251,0.3239424736662344,0.3453799486160278,0.2311122827231884,0.5596312284469604,0.6369782090187073,0.731879711151123,0.6374009847640991,0.5209359526634216,0.616451621055603,0.63861083984375,14,0.9835714285714288,0.3506830543852769,0.0030824355781078,0.2704475488282675,0.2142857142857142,0.0714285714285714,0.4667623500738825,0.5664929151535034,0.4057553667913783,0.4163016378879547,0.2984662480652332,0.6626028418540955,0.69391268491745,0.8060297966003418,0.6647279262542725,0.5806286334991455,0.7010218501091003,0.7097522020339966
Review,24880982,Does periodontal treatment influence clinical and biochemical measures for rheumatoid arthritis? A systematic review and meta-analysis.,12,0.9833333333333334,0.3110257436267354,-0.027292301878333,0.2894539704759178,0.0833333333333333,0.0833333333333333,0.5429114983417094,0.5353812351822853,0.2697553744539618,0.6983686685562134,0.14747462545832,0.689136266708374,0.5718131065368652,0.5717985033988953,0.8686947822570801,0.4629117846488952,0.6637158393859863,0.7630969285964966,12,0.9833333333333334,0.360168110917915,0.0689873173832893,0.297119933778664,0.0,0.0,0.577502129599452,0.5515327528119087,0.30837172716856,0.8096603155136108,0.1403913348913192,0.7089887857437134,0.674858033657074,0.5836994647979736,0.8830306529998779,0.4610729813575744,0.7158690094947815,0.7969907522201538
Review,23151293,Effect of periodontal therapy on prevention of gastric Helicobacter pylori recurrence: a systematic review and meta-analysis.,11,0.950909090909091,0.2458741907030344,0.0275885052978992,0.2472440895173371,0.0,0.0,0.4521637775681235,0.3914730846881866,0.4222097285091877,0.3074412184456984,0.2429416328668594,0.8071993589401245,0.7555294632911682,0.67828768491745,0.5815268158912659,0.6573079824447632,0.4217965602874756,0.5456480979919434,11,0.950909090909091,0.3277868345379829,0.0493429005146026,0.2722270050811411,0.0909090909090909,0.0,0.4960069412534887,0.4298241585493088,0.4800838157534599,0.3884903142849604,0.2413540780544281,0.8836591839790344,0.7355499267578125,0.7485635280609131,0.6188223361968994,0.6739933490753174,0.4427580833435058,0.5661354660987854
Review,37023342,Prevalence of periodontal disease among Vietnamese adults: A systematic review and meta-analysis.,10,0.982,0.3353008644448386,0.1764028966426849,0.1304595303165507,0.2,0.0,0.4180341303348541,0.175485722720623,0.4533739276230335,0.3109225630760193,0.3725159838795662,0.561247706413269,0.671938419342041,0.5774170160293579,0.4552850127220154,0.5260241031646729,0.561247706413269,0.3980083167552948,10,0.982,0.3451729532745149,0.2040207386016845,0.156168013089987,0.0,0.0,0.4420945942401886,0.2301780879497528,0.4286414235830307,0.2468417137861251,0.3570779512325923,0.57588791847229,0.716823935508728,0.6032872200012207,0.4588179886341095,0.5767749547958374,0.57588791847229,0.4442553520202636
Review,27825315,Periodontitis and gestational diabetes mellitus: a systematic review and meta-analysis of observational studies.,18,0.9838888888888888,0.3939341723042376,0.0164722763001918,0.2891943459369453,0.1666666666666666,0.1111111111111111,0.5178396167854468,0.7816665172576904,0.4235698877600953,0.184331273039182,0.3607375794400771,0.6311382055282593,0.666427731513977,0.6867168545722961,0.5809406042098999,0.7366468906402588,0.5532367825508118,0.720243513584137,18,0.9838888888888888,0.4498932360507109,0.016161523759365,0.2717391623717429,0.1666666666666666,0.1111111111111111,0.5726627406353751,0.8113111555576324,0.4867626829072833,0.2738852687180042,0.4283794204394022,0.7090156078338623,0.7582003474235535,0.7204636931419373,0.5944453477859497,0.8379111289978027,0.6219034790992737,0.7490051984786987
Review,32051966,Association Between Periodontitis and Nosocomial Pneumonia: A Systematic Review and Meta-analysis of Observational Studies.,13,0.9815384615384616,0.308650861804684,-0.015123501420021,0.2537646470804465,0.1538461538461538,0.0769230769230769,0.328917142863457,0.5901339054107666,0.4521679722449996,0.3505495751897494,0.3086702227592468,0.8015133142471313,0.5570132732391357,0.5339924693107605,0.112588420510292,0.5047941207885742,0.6755470633506775,0.6755470633506775,13,0.9815384615384616,0.423698825451235,0.0290247239172458,0.2424823037474269,0.1538461538461538,0.0,0.3980101622067965,0.6418510675430298,0.5594642108136957,0.4836379567782084,0.3957456052303314,0.801760196685791,0.673495352268219,0.628900945186615,0.1853044331073761,0.558745801448822,0.691582202911377,0.691582202911377
Review,31969148,Effects of non-surgical periodontal therapy on systemic inflammation and metabolic markers in patients undergoing haemodialysis and/or peritoneal dialysis: a systematic review and meta-analysis.,14,0.9871428571428572,0.2972874912218405,-0.020662447437644,0.1814465722092911,0.2857142857142857,0.1428571428571428,0.3764101308105247,0.5344913452863693,0.384005485723416,0.2281119596213102,0.3488778074582417,0.4158967733383178,0.7726534008979797,0.5919011831283569,0.3570725917816162,0.564713716506958,0.4158967733383178,0.5537811517715454,14,0.9871428571428572,0.3736063306434796,0.0221525374799966,0.2188984121025797,0.2857142857142857,0.1428571428571428,0.367338775124933,0.4620153307914734,0.4605310509602229,0.2976646127179265,0.3958455373843511,0.3230144381523132,0.7457554340362549,0.61936354637146,0.3662042617797851,0.5565730333328247,0.3230144381523132,0.4314208030700683
Review,36261851,The effect of antiretroviral therapyon the periodontal conditions of patients with HIV infection: A systematic review and meta-analysis.,16,0.98125,0.2970841864744822,0.0466307252645492,0.2417965663049614,0.0625,0.0,0.3185918929520994,0.3446757048368454,0.4545131246248881,0.1467887163162231,0.3245007876410252,0.7080024480819702,0.4062248468399048,0.3388556540012359,0.6875655055046082,0.2646399140357971,0.419820636510849,0.419820636510849,16,0.98125,0.3470640470584233,0.063095673918724,0.2440150000895857,0.0625,0.0,0.3980030361562967,0.3204676657915115,0.5165943264961242,0.1984925270080566,0.403004290536046,0.5856911540031433,0.4175330102443695,0.413729190826416,0.6767146587371826,0.3019930720329284,0.3884707689285278,0.3884707689285278
Review,20024665,Photodynamic therapy as an adjunctive treatment for chronic periodontitis: a meta-analysis.,12,0.9741666666666668,0.2839523404836654,0.1032342463731765,0.1708407755353715,0.0833333333333333,0.0,0.3266354876880844,0.1448476538062095,0.328482276863522,0.2343139549096425,0.1319702342152595,0.3458298444747925,0.509719967842102,0.4734058380126953,0.2524970769882202,0.3986197113990783,0.2162103205919265,0.174061119556427,12,0.9741666666666668,0.3586780577898025,0.1814550757408142,0.1598572461259601,0.1666666666666666,0.0833333333333333,0.3677980527281761,0.218298964202404,0.4347797897126939,0.3735813001791636,0.1938949624697367,0.3263478577136993,0.6111392974853516,0.5134715437889099,0.2483882009983062,0.4493623375892639,0.2562038898468017,0.2580119669437408
Review,40335202,PERIODONTITIS AS A RISK FACTOR FOR DEMENTIA: A SYSTEMATIC REVIEW AND META-ANALYSIS.,13,0.983846153846154,0.4221373779388765,-0.0156975630670785,0.3751036506035367,0.1538461538461538,0.0769230769230769,0.5667625734439263,0.7373070120811462,0.3750014541049798,0.1388673298060894,0.3383301664143801,0.8684622049331665,0.7661211490631104,0.5823124647140503,0.496837317943573,0.8401584625244141,0.7943834662437439,0.7943834662437439,13,0.983846153846154,0.4702108272661765,0.0391720421612262,0.3621749014263529,0.2307692307692307,0.0769230769230769,0.6154076399711462,0.7739196121692657,0.4434494857365886,0.1878660557170709,0.4014468239620328,0.864646852016449,0.8196228742599487,0.6819512844085693,0.5803064107894897,0.8421430587768555,0.8157655596733093,0.8157655596733093
Review,38629069,"Higher odds of periodontitis in systemic lupus erythematosus compared to controls and rheumatoid arthritis: a systematic review, meta-analysis and network meta-analysis.",12,0.9608333333333332,0.394028089093891,0.0261237751692533,0.3239570563854608,0.3333333333333333,0.0833333333333333,0.594611831009388,0.3910951688885689,0.4538681408898397,0.1605122362573941,0.7363630831241608,0.7144950032234192,0.8821167945861816,0.4182749390602112,0.5251201391220093,0.8109008073806763,0.7167012095451355,0.7167012095451355,12,0.9608333333333332,0.4494287087158723,0.0326530002057552,0.34114405541714,0.3333333333333333,0.0833333333333333,0.6429764404892921,0.5129295587539673,0.5192489403892647,0.2561733027299245,0.8026738464832306,0.824647068977356,0.8960543870925903,0.5497053861618042,0.6041162610054016,0.8862909078598022,0.7569328546524048,0.7569328546524048
Review,27796062,Oral health status of children and young adults with autism spectrum disorders: systematic review and meta-analysis.,13,0.9853846153846154,0.2507503824308514,0.0046485252678394,0.2415081876685726,0.0769230769230769,0.0769230769230769,0.5069537294598726,0.4487631060183048,0.2771402898555,0.197597557057937,0.210253636042277,0.6939226388931274,0.6180312633514404,0.7282236814498901,0.7238750457763672,0.6305913329124451,0.6331768035888672,0.6331768035888672,13,0.9853846153846154,0.2929538839186231,0.0290208794176578,0.2229344744372434,0.2307692307692307,0.1538461538461538,0.5343961417675018,0.500764787197113,0.3312864185621341,0.2752718534320593,0.2547965471943219,0.700413703918457,0.5623500347137451,0.7737178206443787,0.7143540978431702,0.5156988501548767,0.6911543607711792,0.6911543607711792
Review,35797566,A Systematic Review and Meta-Analysis of the Association Between Periodontal Disease and Severe Mental Illness.,15,0.9800000000000002,0.2891209652381284,0.0239401012659072,0.1889675769884893,0.2666666666666666,0.1333333333333333,0.4555269082387288,0.5875218212604523,0.3439335828380925,0.2084709120293458,0.2829083636403083,0.6930345296859741,0.524612307548523,0.6825529932975769,0.6391913890838623,0.5797606706619263,0.6932887434959412,0.6932887434959412,15,0.9800000000000002,0.3056828078946897,0.0054277032613754,0.2015147314791483,0.2666666666666666,0.1333333333333333,0.4642887502908707,0.6076751351356506,0.3840482799070222,0.2553809694945812,0.3273693660895029,0.6732996702194214,0.5336321592330933,0.7470810413360596,0.562997043132782,0.4803237318992615,0.7049378156661987,0.7049378156661987
Review,33864280,Periodontal health status of children and adolescents with diabetes mellitus: a systematic review and meta-analysis.,8,0.9825,0.320022953408105,0.1209567338228225,0.2135696214846193,0.0,0.0,0.4169694832526147,0.4142093658447265,0.3688915222883224,0.1936094313859939,0.4096372326215108,,0.3415441811084747,0.4426074922084808,,,0.5024293661117554,0.5024293661117554,8,0.9825,0.401890116078513,0.3111699521541595,0.1303579872058375,0.0,0.0,0.4806074276566505,0.4419043213129043,0.4560257111276899,0.4167508482933044,0.4911085764567057,,0.3487989902496338,0.5201650261878967,,,0.6053686141967773,0.6053686141967773
Review,25261053,Global burden of severe periodontitis in 1990-2010: a systematic review and meta-regression.,11,0.9845454545454548,0.4721361368894577,0.1763359904289245,0.1931043251367875,0.1818181818181818,0.0,0.3943472436883233,0.4955345690250397,0.5917655858728621,0.3693546553452809,0.5456070184707642,0.4887397289276123,0.5658555030822754,0.3871154189109802,0.3397298157215118,0.4669239223003387,0.4887397289276123,0.4887397289276123,11,0.9845454545454548,0.5014126136898994,0.2471739202737808,0.185588198497401,0.2727272727272727,0.0909090909090909,0.4153361902995543,0.4854534268379211,0.6421478523148431,0.4475068002939224,0.5811392694711686,0.5967487096786499,0.5459333658218384,0.4288919270038605,0.3870252966880798,0.4383605420589447,0.5967487096786499,0.5967487096786499
Review,37173720,Periostin level in gingival crevicular fluid in periodontal disease: a systematic review and meta-analysis.,17,0.9823529411764704,0.3038606565096415,-0.0367194339632988,0.284182704606123,0.1764705882352941,0.0588235294117647,0.3664581396562211,0.4140538349747658,0.3629455491900444,0.255458198984464,0.2710414019723733,0.5326018333435059,0.6980605125427246,0.5156785249710083,0.2060874700546264,0.7261914014816284,0.4963529109954834,0.4963529109954834,17,0.9823529411764704,0.3437777939252555,0.0467475950717926,0.2720548996818915,0.0588235294117647,0.0,0.4043532434631796,0.4806384444236755,0.3867607987485826,0.3093824247519175,0.2733991403753559,0.6057647466659546,0.7397332191467285,0.6055180430412292,0.3373057544231415,0.7845194339752197,0.5840197801589966,0.5840197801589966
Review,35119242,Is there an association between periodontal diseases and ABO blood group? Systematic review and meta-analysis.,18,0.965,0.1839217551271705,0.0201066918671131,0.1794539234529845,0.0,0.0,0.4175007163236539,0.3205259516835212,0.3437424084404483,0.0739985670894384,0.4013076777259509,0.7250226736068726,0.5622382164001465,0.4418879151344299,0.58648681640625,0.642285943031311,0.694206714630127,0.6069743633270264,18,0.965,0.2195029039045467,0.0006433380767703,0.1892587584330332,0.1111111111111111,0.0,0.4723887584275669,0.3618319183588028,0.3994245156645775,0.0962218955159187,0.4817317008972168,0.7111554145812988,0.6403816938400269,0.5505568385124207,0.575292706489563,0.7201315760612488,0.6912646293640137,0.6281697154045105
Review,40576216,The Impacts of Probiotics Supplementation on the Treatment of Periodontitis: An Umbrella Meta-Analysis.,13,0.9823076923076924,0.2675464758649468,0.0171525888144969,0.1959699618512824,0.1538461538461538,0.0769230769230769,0.418620303273201,0.4508534409105778,0.2868185232986103,0.2403883511821428,0.2105015019575754,0.6162723302841187,0.5262252688407898,0.5831685066223145,0.4747467041015625,0.596422553062439,0.6322040557861328,0.6322040557861328,13,0.9823076923076924,0.3886339366436004,0.0704143643379211,0.2361445431639157,0.1538461538461538,0.0769230769230769,0.4587489088567403,0.5176212750375271,0.4097492586482655,0.4003264546394348,0.2518215378125508,0.6901364326477051,0.5540311336517334,0.7107333540916443,0.4587467312812805,0.54522705078125,0.6988767385482788,0.6988767385482788
Review,26881700,Clinical research activity in periodontal medicine: a systematic mapping of trial registers.,11,0.981818181818182,0.4612980213016271,0.0328188426792621,0.2700734557783359,0.2727272727272727,0.1818181818181818,0.644687304442579,0.8203368484973907,0.5309856269847263,0.2695359004040559,0.3741221390664577,0.8764594197273254,0.6097947359085083,0.6970362663269043,0.7512388229370117,0.694675624370575,0.8764594197273254,0.8764594197273254,11,0.981818181818182,0.5086956441402435,0.1469611525535583,0.2821502473933953,0.2727272727272727,0.1818181818181818,0.6780405667695132,0.8734738528728485,0.5774216936393217,0.3436260024706523,0.3524574860930443,0.9049569368362428,0.7224212884902954,0.6924304962158203,0.7767082452774048,0.7382510900497437,0.9049569368362428,0.9049569368362428
Review,40218924,"The Role of Vitamin B Complex in Periodontal Disease: A Systematic Review Examining Supplementation Outcomes, Age Differences in Children and Adults, and Aesthetic Changes.",11,0.98,0.5674689382314682,0.2100732028484344,0.2252286034112593,0.1818181818181818,0.1818181818181818,0.670266717672348,0.8533580005168915,0.5213251076638699,0.2319646477699279,0.4615701705217361,0.8989203572273254,0.8031923770904541,0.7071182727813721,0.7180470824241638,0.7777320146560669,0.9052590131759644,0.9052590131759644,11,0.98,0.6270695120096207,0.257694274187088,0.2181838822194247,0.1818181818181818,0.1818181818181818,0.7013746852224524,0.8607272505760193,0.574799183756113,0.257694274187088,0.5357998748620351,0.9025721549987792,0.8500363826751709,0.7446488738059998,0.7420725226402283,0.766560435295105,0.9244465827941896,0.9244465827941896
Review,33904994,Association between clinical measures of gingival inflammation and obesity in adults: systematic review and meta-analyses.,17,0.9841176470588237,0.3335750197293237,-0.0688021704554557,0.3378579556553835,0.1176470588235294,0.0588235294117647,0.5264513326041839,0.8623530566692352,0.4301936820149422,0.2439208308855692,0.2670544466624657,0.737261950969696,0.7884675860404968,0.7688173055648804,0.7221025824546814,0.7363727688789368,0.737261950969696,0.8318735361099243,17,0.9841176470588237,0.4195088190026581,-0.0177292749285697,0.285392051737147,0.1176470588235294,0.0588235294117647,0.5521641261875629,0.8729447722434998,0.5203381876150767,0.3709182177980741,0.3398827051122983,0.7958369255065918,0.8022093176841736,0.8468283414840698,0.6946002244949341,0.692265510559082,0.7958369255065918,0.8648040294647217
Review,26932392,The effectiveness of low-level laser therapy as an adjunct to non-surgical periodontal treatment: a meta-analysis.,14,0.9828571428571428,0.237971221598295,-0.0531463325023651,0.166881393889057,0.1428571428571428,0.1428571428571428,0.3658423349261284,0.3865447267889976,0.2737434540803616,0.4619119167327881,0.2185041817526022,0.4658485651016235,0.5244454145431519,0.5977108478546143,0.1647445559501648,0.3270337879657745,0.4547770023345947,0.5450541973114014,14,0.9828571428571428,0.3094314669187252,0.0387441962957382,0.193390445476096,0.1428571428571428,0.1428571428571428,0.4099469376461847,0.4173189550638199,0.3663311577760256,0.6089348594347636,0.3564882278442383,0.3228815197944641,0.6455948948860168,0.672537088394165,0.1871469914913177,0.3392706513404846,0.4400802254676819,0.5532301664352417
Review,35061134,Role of proinflammatory mutations in peri-implantitis: systematic review and meta-analysis.,12,0.975,0.2373273355717008,-0.0587962381541729,0.1989149380090256,0.1666666666666666,0.0,0.5032775656630596,0.4708801209926605,0.2227938754691018,0.0644062012434005,,0.4871213436126709,0.2898319959640503,0.2950839400291443,0.3790232539176941,0.5836048126220703,0.474199503660202,0.5242575407028198,12,0.975,0.2695120559497313,-0.0677482634782791,0.2207797977667892,0.1666666666666666,0.0833333333333333,0.5382998337348303,0.4542457014322281,0.2483203485608101,0.0441310852766037,,0.5208922624588013,0.267742246389389,0.4059643149375915,0.4773448705673218,0.6068310141563416,0.4590546190738678,0.5086730122566223
Review,27585589,Do periapical and periodontal pathologies affect Schneiderian membrane appearance? Systematic review of studies using cone-beam computed tomography.,13,0.9815384615384616,0.3165943175554275,0.0174657478928565,0.2338618267294949,0.1538461538461538,0.0769230769230769,0.4149079013329286,0.3969931155443191,0.3743275421170088,0.1416294438143571,0.417594109972318,0.5711027383804321,0.6498498916625977,0.5512740612030029,0.5187059044837952,0.3971241116523742,0.5711027383804321,0.5711027383804321,13,0.9815384615384616,0.3780487162293866,-0.0070046880282461,0.2594126231986193,0.1538461538461538,0.0769230769230769,0.4564298826914567,0.3869521617889404,0.4446816862775729,0.2274028770625591,0.511333147684733,0.5759692788124084,0.6829362511634827,0.6168416738510132,0.5447721481323242,0.4979507029056549,0.5759692788124084,0.5759692788124084
Review,36746669,Effects of periodontal treatment on the C-reactive protein levels in hemodialysis patients: A systematic review and meta-analysis.,15,0.978,0.2597526321187615,-0.0175153147429227,0.1857958411361749,0.2,0.1333333333333333,0.3257706761360168,0.5540737509727478,0.3077616399297347,0.2246934411426385,0.2202172972261905,0.6135038137435913,0.3909863233566284,0.6158331632614136,0.5360761880874634,0.2735894322395324,0.6135038137435913,0.5595576763153076,15,0.978,0.3833816652851445,0.0667401701211929,0.2175488096990013,0.2,0.1333333333333333,0.3945984423160553,0.5952568054199219,0.4425379840227273,0.3144165928165118,0.4097852081060409,0.6669005155563354,0.5327605605125427,0.7683557271957397,0.625252366065979,0.3319646120071411,0.6669005155563354,0.6142737865447998
Review,30154031,Bariatric surgery and periodontal status: A systematic review with meta-analysis.,16,0.979375,0.2174978139499823,-0.1139104962348938,0.2158440020271274,0.125,0.0625,0.408962644636631,0.6387564539909363,0.336482940823771,0.136232745523254,0.2989189152916272,0.7329633235931396,0.5857183933258057,0.3848167061805725,0.225400373339653,0.5406370162963867,0.6685916185379028,0.6685916185379028,16,0.979375,0.2940704489126801,-0.0330940447747707,0.2246801805716982,0.1875,0.0625,0.4745283285155892,0.705110102891922,0.4449493894353509,0.2368414265414079,0.4226945439974467,0.7606201171875,0.6891751289367676,0.5108448266983032,0.1897139698266983,0.6017891764640808,0.7318364381790161,0.7318364381790161
Review,34495401,Prevalence of red and orange microbial complexes in endodontic-periodontal lesions: a systematic review and meta-analysis.,15,0.9833333333333332,0.3521709652351482,-0.0906987190246582,0.2619336507237045,0.2,0.1333333333333333,0.4318779467294613,0.7232859134674072,0.4718064526095986,0.1572290514906247,0.3970614723861217,0.7915327548980713,0.8292077779769897,0.3923008441925049,0.3656505942344665,0.6143223643302917,0.7915327548980713,0.7915327548980713,15,0.9833333333333332,0.4253607594541141,0.0202306509017944,0.2862104254418481,0.2,0.1333333333333333,0.4924833811819553,0.7894951105117798,0.5254152646022183,0.1728740708281596,0.4849618002772331,0.8461852073669434,0.8656930923461914,0.464778184890747,0.4150362312793731,0.7037726640701294,0.8461852073669434,0.8461852073669434
Review,41253726,"Depression is associated with periodontitis, dental caries and edentulism: A systematic review and meta-analysis of observational studies.",12,0.9766666666666666,0.347913430665027,0.024785341694951,0.2018249117592581,0.25,0.25,0.4999532202879588,0.7942493855953217,0.469540919769894,0.4253497719764709,0.2669146686260189,0.8739005923271179,0.6275174617767334,0.5791742205619812,0.4962743520736694,0.6029549241065979,0.8739005923271179,0.8739005923271179,12,0.9766666666666666,0.4142528433691371,0.1260069161653518,0.2260699248741061,0.25,0.25,0.5371172409504652,0.8489890694618225,0.5339832468466326,0.54402095079422,0.3085888351003329,0.9129493236541748,0.6294705271720886,0.7105962038040161,0.5951480865478516,0.6046867370605469,0.9129493236541748,0.9129493236541748
Review,24697584,Systematic review of the adjunctive use of diode and Nd:YAG lasers for nonsurgical periodontal instrumentation.,10,0.952,0.3480340047842926,-0.0199724286794662,0.3004753624195413,0.1,0.1,0.5333780584856868,0.7555768191814423,0.3386049196124077,0.4627396762371063,0.1094104200601577,0.583309531211853,0.610551118850708,0.330510139465332,0.2308798432350158,0.4908662438392639,0.6325705051422119,0.7292500138282776,10,0.952,0.3592719781315989,0.0183014851063489,0.3005917565850479,0.2,0.1,0.5608561342582107,0.797636091709137,0.3516155274119228,0.588421642780304,-0.0023632710799574,0.6193528175354004,0.6196764707565308,0.3270617723464966,0.297771692276001,0.4137317836284637,0.6903015375137329,0.7680208683013916
Review,26329272,Efficacy of adjunctive laser in non-surgical periodontal treatment: a systematic review and meta-analysis.,8,0.96,0.2206976179565702,0.0856577605009079,0.0736328043710658,0.125,0.0,0.445012204349041,0.4510076567530632,0.2948365012804667,0.228029449780782,0.2281898856163025,0.7567603588104248,0.3358966112136841,0.4382313787937164,0.4361613094806671,0.4283224642276764,0.7567603588104248,0.7567603588104248,8,0.96,0.3109326022011893,0.2518719732761383,0.0452640786921186,0.25,0.125,0.4890636838972568,0.5029535591602325,0.3969542135794957,0.2936377922693888,0.3812594413757324,0.7164000868797302,0.5192072987556458,0.607441246509552,0.4729793667793274,0.5407439470291138,0.7164000868797302,0.7164000868797302
Review,39185624,Association between Periodontal Diseases and the Risk of Site-Specific Gastrointestinal Cancers: A Systematic Review and Meta-Analysis.,13,0.9846153846153848,0.4884995687752962,0.0754840523004531,0.2944345544809448,0.2307692307692307,0.1538461538461538,0.5718360892855204,0.8760890066623688,0.6065278127789497,0.2724641238649686,0.5152062430977822,,0.8863070607185364,0.4161482453346252,,,0.9124126434326172,0.9124126434326172,13,0.9846153846153848,0.5766765487690767,0.1208874434232711,0.2720689640059003,0.1538461538461538,0.0769230769230769,0.6136785516372094,0.9102439284324646,0.7125280549128851,0.5081242720286051,0.5676487565040589,,0.9089313745498656,0.4503392577171325,,,0.93992018699646,0.93992018699646
Review,36353241,Obesity and periodontitis: A systematic review and updated meta-analysis.,14,0.9764285714285716,0.333315284922719,-0.0126792918890714,0.2616654477620836,0.0714285714285714,0.0714285714285714,0.4829377659729549,0.4745053872466087,0.3781891172895065,0.254174714287122,0.3401914437611897,0.6686614751815796,0.4594758152961731,0.4956173598766327,0.5095353126525879,0.513498067855835,0.7660782933235168,0.7660782933235168,14,0.9764285714285716,0.4244925035880162,0.1393149942159652,0.2269406178305929,0.1428571428571428,0.0714285714285714,0.558299679841314,0.6011608839035034,0.4960813384789687,0.4478771934906642,0.3908292030294736,0.6733385920524597,0.6196939945220947,0.7217848300933838,0.5297902822494507,0.6139966249465942,0.78862065076828,0.78862065076828
Review,27617985,"A Systematic Review on the Implication of Minerals in the Onset, Severity and Treatment of Periodontal Disease.",9,0.938888888888889,0.4901480302214622,0.2113552689552307,0.1643200328218542,0.2222222222222222,0.2222222222222222,0.640721556213167,0.4747019559144974,0.5279839656182698,,0.5075961351394653,,0.5975587368011475,0.5003396272659302,,,0.5227797031402588,0.5227797031402588,9,0.938888888888889,0.4936829246580601,0.2045246362686157,0.1644908599361708,0.2222222222222222,0.2222222222222222,0.64689834912618,0.496637225151062,0.5195815988949367,,0.4660708606243133,,0.609648585319519,0.5898231863975525,,,0.5304926633834839,0.5304926633834839
Review,39343995,Periodontitis and Oral Health-Related Quality of Life: A Systematic Review and Meta-Analysis.,12,0.9791666666666669,0.173520135439255,-0.0054974444210529,0.1538463054493118,0.1666666666666666,0.0833333333333333,0.3958487900284429,0.441550575196743,0.2014630677347833,0.0547377731030186,0.2214984100311994,0.6072498559951782,0.7182644009590149,0.6117445826530457,0.4741456806659698,0.6004543304443359,0.6072498559951782,0.6072498559951782,12,0.9791666666666669,0.2242805954407561,0.0291227735579013,0.1466271406732811,0.0833333333333333,0.0,0.4390676726276676,0.4666102975606918,0.2882588641210036,0.1573871280997991,0.2568738833069801,0.6226260662078857,0.7376400232315063,0.6747310161590576,0.4994826316833496,0.6669471263885498,0.6226260662078857,0.6226260662078857
Review,32052179,Clinical efficacy of minimally invasive surgical (MIS) and non-surgical (MINST) treatments of periodontal intra-bony defect. A systematic review and network meta-analysis of RCT's.,16,0.983125,0.2439470782876014,0.0375764220952987,0.1527464860102003,0.1875,0.0625,0.3329056152142584,0.6957729160785675,0.3764148836334546,0.252202408015728,0.2239878848195076,0.6762001514434814,0.4760824739933014,0.5675721764564514,0.3280596137046814,0.4691616892814636,0.6762001514434814,0.6762001514434814,16,0.983125,0.2735391435523828,-0.0087402760982513,0.1688830694289672,0.125,0.0625,0.3633229548577219,0.7589540779590607,0.3900531217455864,0.2840098977088928,0.2435011953115463,0.7696120738983154,0.5025988817214966,0.6431052684783936,0.4235928952693939,0.4403010606765747,0.7696120738983154,0.7696120738983154
Review,32233092,Do patients with aggressive and chronic periodontitis exhibit specific differences in the subgingival microbial composition? A systematic review.,11,0.9827272727272728,0.3331572689116001,0.0724950954318046,0.1568217271032182,0.0909090909090909,0.0909090909090909,0.5467979115518656,0.2564275823533535,0.3180922694504261,0.3182113468647003,0.3224424570798874,0.3579749763011932,0.5118411779403687,0.4906680583953857,0.6486090421676636,0.5296832919120789,0.3501725196838379,0.3501725196838379,11,0.9827272727272728,0.3737061016261577,0.0844791457056999,0.1649121316981165,0.1818181818181818,0.0909090909090909,0.580197886987166,0.2694112211465835,0.3808098182082176,0.3748209476470947,0.3583208223183949,0.3481010794639587,0.4653599858283996,0.486939400434494,0.6167997717857361,0.5030499696731567,0.3658643066883087,0.3658643066883087
Clinical,28321995,"Clinical and microbiological efficacy of 4% Garcinia mangostana L. pericarp gel as local drug delivery in the treatment of chronic periodontitis: A randomized, controlled clinical trial.",10,0.985,0.3128485743784242,-0.0206280369311571,0.2647538148122116,0.1,0.1,0.4696674764156341,0.6478184163570404,0.3104330772120092,0.225974204018712,,0.6517491340637207,0.4027951955795288,0.4788282215595245,0.5216058492660522,0.4372779130935669,0.6517491340637207,0.6517491340637207,10,0.985,0.3405585280723042,0.0506518110632896,0.2900542914143057,0.0,0.0,0.4031358189880848,0.6229706108570099,0.3531148305369748,0.3053617378075917,,0.5893112421035767,0.4289341270923614,0.5091097354888916,0.3272546529769897,0.3547406196594238,0.5893112421035767,0.5893112421035767
Clinical,28474968,Additive Effect of Plasma Rich in Growth Factors With Guided Tissue Regeneration in Treatment of Intrabony Defects in Patients With Chronic Periodontitis: A Split-Mouth Randomized Controlled Clinical Trial.,16,0.983125,0.3370194303492705,0.0308817215263843,0.2472991526773972,0.1875,0.125,0.3508597065228969,0.4033622145652771,0.4352868025501569,0.1286306629578272,0.4307608405749003,0.4833632409572601,0.3878706097602844,0.4038729667663574,0.5000159740447998,0.2080833911895752,0.387861967086792,0.387861967086792,16,0.983125,0.3715110455329219,0.0122150769457221,0.2354966628073065,0.1875,0.125,0.4246809752658009,0.4160858988761902,0.460125195980072,0.2136733718216419,0.4428098271290461,0.440636396408081,0.4797878861427307,0.5539618730545044,0.4848052859306335,0.2832376956939697,0.4337555170059204,0.4337555170059204
Clinical,36414947,Effects of omega-3 supplementation as an adjunct to non-surgical periodontal therapy on periodontal parameters in periodontitis patients: a randomized clinical trial.,10,0.989,0.3359625322951211,-0.0379314236342906,0.2480138707337207,0.2,0.1,0.3695885255932808,0.3521135672926903,0.3939032277890614,0.2437534879893064,0.4364216327667236,0.8743799924850464,0.216278463602066,0.5567588210105896,0.5558151602745056,0.1824211925268173,0.5963770747184753,0.5963770747184753,10,0.989,0.4393752142786979,0.0578919425606727,0.2724807990643187,0.1,0.0,0.4653057962656021,0.4615481048822403,0.5331557563373021,0.33681530803442,0.662718653678894,0.913627862930298,0.2935943305492401,0.6818777322769165,0.687088131904602,0.3164059519767761,0.6340026259422302,0.6340026259422302
Clinical,27013640,Amoxicillin Plus Metronidazole Therapy for Patients with Periodontitis and Type 2 Diabetes: A 2-year Randomized Controlled Trial.,8,0.98625,0.3020069577864238,0.0693036913871765,0.1497669348461899,0.25,0.25,0.3895135968923569,0.3993932455778122,0.4049039483070373,,0.2710180014371872,0.6117837429046631,0.3395507335662842,0.4436478912830353,0.410192608833313,0.3389444649219513,0.6117837429046631,0.6117837429046631,8,0.98625,0.4046774463994162,0.2259413301944732,0.1386715816053851,0.25,0.25,0.438016090542078,0.4338863864541054,0.4936429858207702,,0.3537694752216339,0.6415655612945557,0.5273330211639404,0.5910345315933228,0.5244371891021729,0.3850758969783783,0.6415655612945557,0.6415655612945557
Clinical,40631715,Evaluation of the periodontal status and systemic diseases in dental patients in Turkey.,12,0.985,0.1802310919897123,-0.0617185235023498,0.2314824115717369,0.0833333333333333,0.0833333333333333,0.4827624782919884,0.4404744505882263,0.2063214567800363,0.135991821065545,0.5701519449551901,0.5906250476837158,0.524234414100647,0.4807910621166229,0.5433112382888794,0.517127513885498,0.6430860757827759,0.6430860757827759,12,0.985,0.2387307916175235,-0.0248490087687969,0.247882306682242,0.0833333333333333,0.0833333333333333,0.5076283887028694,0.4589217007160187,0.2639684292177359,0.1720794936021169,0.632129967212677,0.5547931790351868,0.5916977524757385,0.6069507002830505,0.5354572534561157,0.5447098016738892,0.6106404066085815,0.6106404066085815
Clinical,21059869,FGF-2 stimulates periodontal regeneration: results of a multi-center randomized clinical trial.,7,0.98,0.3849483678738276,0.1909676194190979,0.1496982121150408,0.1428571428571428,0.1428571428571428,0.5774461584431785,0.5617042034864426,0.4005432248115539,0.485986053943634,0.2731861074765523,,0.4284948706626892,0.5394382476806641,,,0.89872145652771,0.89872145652771,7,0.98,0.4142377153038978,0.2201117277145385,0.1848305534219164,0.1428571428571428,0.1428571428571428,0.5974733659199306,0.5949258655309677,0.4193565666675568,0.4837918877601623,0.3022605180740356,,0.4310607612133026,0.5780035257339478,,,0.9288575649261476,0.9288575649261476
Clinical,28025432,Visfatin levels in gingival crevicular fluid and serum before and after non-surgical treatment for periodontal diseases.,11,0.9854545454545456,0.5771308526396751,0.1297061890363693,0.2614633284476946,0.1818181818181818,0.0909090909090909,0.747449819337238,0.8856576383113861,0.6748796511780132,0.2529559495548407,0.8064718047777811,0.9138017892837524,0.861178994178772,0.7839078307151794,0.7290619611740112,0.9299890398979188,0.9138017892837524,0.9138017892837524,11,0.9854545454545456,0.6407458677887916,0.1736691743135452,0.2650285995894817,0.2727272727272727,0.1818181818181818,0.7847254872322083,0.908953458070755,0.7370061332529242,0.3338121101260185,0.8440934816996256,0.9278937578201294,0.9031524658203124,0.8019386529922485,0.7810139656066895,0.93422669172287,0.9278937578201294,0.9278937578201294
Clinical,40123306,"Systemic Azithromycin as an Adjunct to Non-Surgical Subgingival Instrumentation in the Treatment of Stage III/IV, Grade C Periodontitis: 12-Month Clinical, Microbiological and Cytokine Results of a Randomised Controlled Trial.",13,0.9653846153846152,0.3444108767434954,-0.0284970700740814,0.2909287508395834,0.1538461538461538,0.0769230769230769,0.4063083291626893,0.1350663267076015,0.3455492093538244,0.2661162531003356,0.2884643066674471,0.5848697423934937,0.5449527502059937,0.4027677774429321,0.5245379209518433,0.5416461825370789,0.5848697423934937,0.5848697423934937,13,0.9653846153846152,0.3381787839656074,0.0443950667977333,0.2792938038275255,0.1538461538461538,0.0,0.4423123412550642,0.1770201735198497,0.3690025846008211,0.3241529554128647,0.2463196150958538,0.6362369060516357,0.5948491096496582,0.5390034914016724,0.5755398273468018,0.5910652875900269,0.6362369060516357,0.6362369060516357
Clinical,27145828,"The efficacy of Er,Cr:YSGG laser supported periodontal therapy on the reduction of peridodontal disease related oral malodor: a randomized clinical study.",13,0.9884615384615386,0.2324543984917303,-0.0291069410741329,0.1938813453343435,0.2307692307692307,0.1538461538461538,0.3657561307056592,0.4583516530692577,0.3127749472235639,0.1671758996145356,0.4697772761185964,0.6578518152236938,0.3887750804424286,0.6116495728492737,0.5852218270301819,0.268119215965271,0.6578518152236938,0.6578518152236938,13,0.9884615384615386,0.2419160894739131,-0.0032449755817651,0.1735302224220009,0.2307692307692307,0.1538461538461538,0.3827528191300539,0.4506405089050531,0.3421425631580253,0.2301802885319505,0.3827369709809621,0.6383384466171265,0.4943021535873413,0.6943579912185669,0.5616143941879272,0.339646965265274,0.6383384466171265,0.6383384466171265
Clinical,27477110,"Treatment of periodontal intrabony defects using autologous platelet-rich fibrin and titanium platelet-rich fibrin: a randomized, clinical, comparative study.",9,0.9822222222222222,0.2117960443720221,0.0863427594304084,0.1576095045810864,0.0,0.0,0.342192636595832,0.2251935750246048,0.2677669813856482,0.2582224272191524,0.2334415018558502,0.3055537045001983,0.4946634173393249,0.4222617447376251,0.4271630644798279,0.3127670884132385,0.3055537045001983,0.3055537045001983,9,0.9822222222222222,0.1784360893070697,0.0478763580322265,0.1725900151128315,0.0,0.0,0.3456854424956772,0.2252140585333109,0.2308920407667756,0.2780755007018645,0.0725753754377365,0.3111397325992584,0.5101407766342163,0.3978360891342163,0.4233665466308594,0.3509270548820495,0.3111397325992584,0.3111397325992584
Clinical,26811350,Periodontal disease and risk of all cancers among male never smokers: an updated analysis of the Health Professionals Follow-up Study.,15,0.9853333333333334,0.3880291562527418,-0.0467706955969333,0.3136216488017868,0.2,0.1333333333333333,0.5049294114112854,0.716085284948349,0.4431272843586547,0.1956692909200986,0.7243883609771729,,0.7990427017211914,0.6400721073150635,,,0.7333064079284668,0.7539469003677368,15,0.9853333333333334,0.4522473109619958,-0.0986929684877395,0.3030697808084047,0.2,0.1333333333333333,0.5708417097727457,0.7261868715286255,0.5160938921783652,0.3170997028549512,0.7799552182356516,,0.8184572458267212,0.7109771966934204,,,0.7522240281105042,0.7644365429878235
Clinical,33687555,Changes in clinical parameters following adjunctive local sodium hypochlorite gel in minimally invasive nonsurgical therapy (MINST) of periodontal pockets: a 6-month randomized controlled clinical trial.,17,0.9752941176470588,0.3875428632018156,-0.0113362614065408,0.227518767223881,0.1764705882352941,0.0588235294117647,0.3927987981587648,0.5760889500379562,0.5133566618623102,0.3621220489343007,0.3831427643696467,0.6427077054977417,0.2662738859653473,0.5180012583732605,0.5130128860473633,0.1393637359142303,0.6231546401977539,0.6231546401977539,17,0.9752941176470588,0.4386132354848087,0.0383977517485618,0.2219989436776268,0.1764705882352941,0.0588235294117647,0.4731262659325319,0.601174384355545,0.5677741608198952,0.4556384732325871,0.4462361812591552,0.5872514843940735,0.4230329096317291,0.5292365550994873,0.5508696436882019,0.2946498990058899,0.6481487154960632,0.6481487154960632
Clinical,25762359,Microbiologic Observations After Four Treatment Strategies Among Patients With Periodontitis Maintaining a High Standard of Oral Hygiene: Secondary Analysis of a Randomized Controlled Clinical Trial.,12,0.9925,0.2250626005909659,0.0034229047596454,0.2127240780859723,0.0833333333333333,0.0,0.4151142261301477,0.2014843672513961,0.2777124367654323,0.2374425360932946,0.1698278014858563,0.2574574053287506,0.6908907890319824,0.410719096660614,0.5847381353378296,0.3346313238143921,0.269282579421997,0.269282579421997,12,0.9925,0.2289995737373829,-0.0039983047172427,0.2307805446160448,0.0833333333333333,0.0833333333333333,0.4591972616811593,0.3081616312265396,0.2922066733241081,0.2500785183161497,0.1787837808951735,0.3982967138290405,0.7239528298377991,0.4705977439880371,0.7079401612281799,0.3457204103469848,0.4091929197311401,0.4091929197311401
Clinical,28667678,"Effects of photodynamic therapy in periodontal treatment: A randomized, controlled clinical trial.",9,0.9844444444444445,0.3222163375467062,0.138162299990654,0.128460013847134,0.1111111111111111,0.0,0.3877720650699403,0.3207237906754017,0.4246046543121338,0.3151192416747411,0.3375647912422816,0.5395841598510742,0.5148864984512329,0.4119861721992492,0.5651553869247437,0.1667684018611908,0.5395841598510742,0.5395841598510742,9,0.9844444444444445,0.3400421990081668,0.1189402118325233,0.1658395151110792,0.2222222222222222,0.1111111111111111,0.4404099153147803,0.4144093915820122,0.4674089806420462,0.3768829765419165,0.3426493803660075,0.6154102087020874,0.5501284003257751,0.5825562477111816,0.5923760533332825,0.2752581238746643,0.6154102087020874,0.6154102087020874
Clinical,23969907,Treatment of intrabony defects with anorganic bone matrix/p-15 or guided tissue regeneration in patients with aggressive periodontitis.,13,0.9823076923076924,0.320041681950291,0.1020741388201713,0.1421943820078972,0.0769230769230769,0.0,0.4523457758701764,0.6235596686601639,0.431641049683094,0.2209782004356384,0.3945179720719655,0.7626235485076904,0.6064560413360596,0.5266881585121155,0.4536412954330444,0.3881232738494873,0.7259374856948853,0.7259374856948853,13,0.9823076923076924,0.3152284920215606,0.150047555565834,0.1269703911351831,0.1538461538461538,0.0,0.5055524592216198,0.6665248274803162,0.4260404656330744,0.2267811000347137,0.354374090830485,0.8002529740333557,0.6044782996177673,0.5559270977973938,0.5166006684303284,0.4172216355800628,0.7784943580627441,0.7784943580627441
Clinical,37814261,Repurposing Metformin for periodontal disease management as a form of oral-systemic preventive medicine.,12,0.9841666666666667,0.3775838105516,-0.0220005214214324,0.3133244317692419,0.25,0.1666666666666666,0.5155771121693155,0.3227621810510754,0.3980230502784252,0.0087246969342231,0.6075129032135009,,0.5573993921279907,0.5986747145652771,,,0.4615601301193237,0.4615601301193237,12,0.9841666666666667,0.3783008475703271,-0.0061480430886149,0.2879123389947802,0.3333333333333333,0.1666666666666666,0.5327561831412216,0.3459987631067633,0.4320658010741074,0.0526819601655006,0.6119540214538575,,0.6064687967300415,0.6663817763328552,,,0.4848745465278625,0.4848745465278625
Clinical,25646170,Effect of a single session of antimicrobial photodynamic therapy using indocyanine green in the treatment of chronic periodontitis: a randomized controlled pilot trial.,11,0.9827272727272728,0.156682338565588,-0.0348938107490539,0.1437228729229276,0.0909090909090909,0.0909090909090909,0.3424543386155909,0.2951500862836838,0.2719470396637916,0.1642002463340759,0.2960715653995673,0.4135676026344299,0.4930692017078399,0.4358663558959961,0.5542169809341431,0.2992820739746094,0.4135676026344299,0.4135676026344299,11,0.9827272727272728,0.1882343765348196,-0.0201932769268751,0.2141278254783161,0.0,0.0,0.4079389839687131,0.3704198971390724,0.3090379644185305,0.2274664224435885,0.3149929083883762,0.5292234420776367,0.6025180220603943,0.5225391387939453,0.5655624866485596,0.4586669504642486,0.5292234420776367,0.5292234420776367
Clinical,31589587,Antimicrobial Photodynamic Therapy Using a Chloro-Aluminum Phthalocyanine Adjuvant to Nonsurgical Periodontal Treatment Does Not Improve Clinical Parameters in Patients with Chronic Periodontitis.,6,0.9883333333333334,0.4799496293067932,0.3542484641075134,0.0868514481871204,0.1666666666666666,0.0,0.4306853438417117,0.2720687538385391,0.5310944765806198,0.5187342762947083,0.5434547066688538,0.3459414839744568,0.5258789658546448,0.3355229794979095,0.4991072714328766,0.2096288800239563,0.3459414839744568,0.3459414839744568,6,0.9883333333333334,0.5616438090801239,0.3526189029216766,0.1106343450666399,0.1666666666666666,0.0,0.4954577510555585,0.3484989181160927,0.5905905961990356,0.6072261333465576,0.5739550590515137,0.4510287344455719,0.6267083883285522,0.3623223900794983,0.6083480715751648,0.2429310381412506,0.4510287344455719,0.4510287344455719
Clinical,39396137,Evaluation of a new mouthwash formulated with Chlorhexidine and Cymenol after a scaling and root planing treatment in grade I and II periodontal patients.,11,0.9836363636363636,0.1826211690902709,0.0006289333105087,0.147169986710361,0.0909090909090909,0.0909090909090909,0.3883350681174885,0.423113614320755,0.1465268813901477,0.140465771779418,,0.6321626901626587,0.3263777792453766,0.3452089428901672,0.4275660514831543,0.2092750817537307,0.5800654888153076,0.5800654888153076,11,0.9836363636363636,0.243566408008337,-0.0307624116539955,0.1895250182011433,0.0909090909090909,0.0909090909090909,0.4458289376714013,0.4495435878634453,0.2053079555432001,0.2332518521696329,,0.6616907119750977,0.3574258983135223,0.4860167503356933,0.5138189792633057,0.2687050700187683,0.6190720796585083,0.6190720796585083
Clinical,32660549,A decision support system based on support vector machine for diagnosis of periodontal disease.,9,0.977777777777778,0.367301519960165,0.103588730096817,0.1862101171969354,0.2222222222222222,0.1111111111111111,0.5088667505317264,0.4229638576507568,0.5274080832799276,0.6170202493667603,,0.6451274156570435,0.3534402847290039,0.1130108311772346,0.5439640283584595,0.4724762439727783,0.4832957088947296,0.4832957088947296,9,0.977777777777778,0.4548067823052406,0.1478819549083709,0.2147683390051739,0.2222222222222222,0.2222222222222222,0.5435877740383148,0.4937230348587036,0.5546523282925288,0.6917519172032675,,0.7707282900810242,0.4432521760463714,0.14276884496212,0.6317117214202881,0.5273870229721069,0.5768434405326843,0.5768434405326843
Clinical,40875065,Efficacy of maxillary occlusal splints on mobile posterior teeth in patients with stage III or IV periodontitis during steps 1 and 2 of periodontal therapy: a randomized parallel-controlled clinical trial.,12,0.9775,0.3163222477517344,-0.044442169368267,0.2605155648678138,0.1666666666666666,0.0833333333333333,0.4480293203766147,0.4698327332735061,0.3290364247831431,0.1855179498593012,0.5083555579185486,0.6124549508094788,0.5013445019721985,0.5117665529251099,0.6035339832305908,0.6005475521087646,0.6124549508094788,0.6124549508094788,12,0.9775,0.3992454064163295,0.0532922521233558,0.2305119783626193,0.0833333333333333,0.0833333333333333,0.5139941784242789,0.5491251647472382,0.4182395244186574,0.272181311249733,0.5737457076708475,0.684472918510437,0.5237671732902527,0.6927565336227417,0.6822729110717773,0.632971465587616,0.684472918510437,0.684472918510437
Clinical,26733449,"The relationship between recurrent aphthous stomatitis, and periodontal disease and Helicobacter Pylori infection.",13,0.9815384615384616,0.4199692231292526,0.0411714427173137,0.2746652954188014,0.1538461538461538,0.0769230769230769,0.4713271336200145,0.6144586652517319,0.5162676071578806,0.4123207330703735,0.3741895693043868,0.772662878036499,0.3835248351097107,0.4226591289043426,0.7442452907562256,0.2844867706298828,0.7051515579223633,0.7051515579223633,13,0.9815384615384616,0.4796000681817531,0.0249560177326202,0.2834464775258408,0.1538461538461538,0.0769230769230769,0.5296668943304282,0.7353641986846924,0.5786974335258658,0.4780846039454142,0.4355438351631164,0.8722489476203918,0.424275130033493,0.3441657125949859,0.8001698851585388,0.3150125741958618,0.7839060425758362,0.7839060425758362
Clinical,25972081,Platelet rich fibrin combined with decalcified freeze-dried bone allograft for the treatment of human intrabony periodontal defects: a randomized split mouth clinical trail.,11,0.981818181818182,0.3056286975741386,-0.0965243130922317,0.271186944284369,0.0909090909090909,0.0,0.5022584701126273,0.4383517801761627,0.2627856221727349,0.4913535714149475,0.226998413602511,0.604663074016571,0.5513953566551208,0.5059323310852051,0.5199403762817383,0.4050667881965637,0.6088289022445679,0.6088289022445679,11,0.981818181818182,0.3229198090732098,-0.1012289673089981,0.2660911230838664,0.2727272727272727,0.0909090909090909,0.5103337981484153,0.4621012508869171,0.3153680529106747,0.5742642879486084,0.2870413859685262,0.6663737893104553,0.5674335956573486,0.4603586494922638,0.4446955621242523,0.4597309827804565,0.6369165182113647,0.6369165182113647
Clinical,40604898,Frequency of periodontal disease in head and neck cancer patients after radiation therapy: a cross-sectional study.,19,0.9736842105263156,0.4320099304119746,0.0391718856990337,0.2129564168102685,0.1578947368421052,0.1052631578947368,0.5338669231063441,0.2282853946089744,0.5303554552442887,0.2226098738610744,0.4147358918119044,0.8426254987716675,0.8568505048751831,0.6719340682029724,0.6652082800865173,0.7751113176345825,0.8043741583824158,0.7768529653549194,19,0.9736842105263156,0.4549131989479065,0.043698139488697,0.2216260238043667,0.2105263157894736,0.1052631578947368,0.573661889096624,0.2545146048069,0.5523844803957378,0.2581716604530811,0.4471885664832024,0.8391706943511963,0.8448705673217773,0.7095898389816284,0.6928377151489258,0.7777794003486633,0.8322166204452515,0.8167974948883057
Clinical,38812644,The role of probiotics for preventing dysbiosis in periodontal disease: a randomized controlled trial.,12,0.985,0.308436171575026,0.0557177029550075,0.1944237467072991,0.1666666666666666,0.0833333333333333,0.5036803268206617,0.2204369539394974,0.3799731355160475,0.3968826820453008,0.167282685637474,0.4506796598434448,0.1262314915657043,0.6284414529800415,0.7222238183021545,0.3263154923915863,0.3034069240093231,0.3034069240093231,12,0.985,0.3645710999315435,0.0231007635593414,0.2023456232469042,0.25,0.1666666666666666,0.5730747623989979,0.2730479873716831,0.4189971417188644,0.4888156125942866,0.1510871648788452,0.4829730093479156,0.3127263188362121,0.7186694741249084,0.8052237629890442,0.4921843409538269,0.3817637860774994,0.3817637860774994
Clinical,36876718,Effect of antibiotics as an adjuvant to subgingival instrumentation on systemic inflammation in patients with periodontitis: a randomized clinical trial.,13,0.9823076923076924,0.3522920850664377,-0.0573967508971691,0.241404071876053,0.2307692307692307,0.0769230769230769,0.4822742148087575,0.4105751290917396,0.4318931677068273,0.5055665026108423,0.4197737574577331,0.4960445165634155,0.4838733673095703,0.7214899063110352,0.7418762445449829,0.5932934284210205,0.5940151214599609,0.5940151214599609,13,0.9823076923076924,0.4063498480245471,0.0558367259800434,0.2465449936984508,0.2307692307692307,0.0769230769230769,0.5380385128351358,0.4485545456409454,0.4895869431396325,0.6174389521280924,0.3968803783257802,0.5631995797157288,0.4872949123382568,0.7664971351623535,0.7748836278915405,0.687137246131897,0.6072049736976624,0.6072049736976624
Clinical,29723659,Impact of green tea intake on clinical improvement in chronic periodontitis: A randomized clinical trial.,11,0.9836363636363636,0.1927104658912867,-0.0222664736211299,0.1599768803289834,0.2727272727272727,0.0909090909090909,0.3424030488187616,0.4617450386285782,0.247860272311502,0.1513610307127237,0.4989075660705566,0.6323695182800293,0.2958126068115234,0.5345579385757446,0.4343498945236206,0.1434633284807205,0.660399854183197,0.660399854183197,11,0.9836363636363636,0.2143149414099752,0.0035180142149329,0.1633166912646157,0.2727272727272727,0.0909090909090909,0.4173147868026386,0.4795142412185669,0.2967610081864728,0.2378005102276802,0.3888291120529175,0.6872285008430481,0.3562278747558594,0.5510784387588501,0.4849659502506256,0.2525566816329956,0.6693214178085327,0.6693214178085327
Clinical,31543299,Clinical outcomes of adjunctive indocyanine green-diode lasers therapy for treating refractory periodontitis: A randomized controlled trial with in vitro assessment.,15,0.9853333333333334,0.1821521495335868,-0.0331365577876567,0.217091772663079,0.0,0.0,0.3520435735583305,0.3552256226539612,0.2574224445436682,0.255764564499259,0.2088198095560073,0.3219550848007202,0.5577353239059448,0.6087255477905273,0.290299117565155,0.2920363247394562,0.5095713138580322,0.5095713138580322,15,0.9853333333333334,0.2096725066325494,-0.0597302988171577,0.2311698362776547,0.1333333333333333,0.1333333333333333,0.4360441307226816,0.4463837519288063,0.2880184179438012,0.3250777004286647,0.1878710489720106,0.4324069917201996,0.5750371813774109,0.6653688549995422,0.4330692291259765,0.4035329222679138,0.6356121897697449,0.6356121897697449
Clinical,30834725,"Clinical effect of Lactobacillus on the treatment of severe periodontitis and halitosis: A double-blinded, placebo-controlled, randomized clinical trial.",11,0.979090909090909,0.319054027274251,0.0242568142712116,0.2427831937326839,0.2727272727272727,0.0,0.4683875278993086,0.4742313921451568,0.4875779837369919,0.3344239890575409,0.3218411306540171,0.8658014535903931,0.4633948802947998,0.524632453918457,0.689704179763794,0.4257907569408417,0.5188878774642944,0.5188878774642944,11,0.979090909090909,0.4077468112111092,0.0517700761556625,0.2683932496546407,0.2727272727272727,0.0,0.5458246036009355,0.5229062736034393,0.5857424199581146,0.6109820604324341,0.4378717144330342,0.9054241180419922,0.4805822670459747,0.5525981187820435,0.837790846824646,0.4912298321723938,0.5671528577804565,0.5671528577804565
Clinical,40317015,"Evaluation of annexin A1, carbonic anhydrase 1, and elongation factor 1-gamma levels in periodontal diseases.",12,0.9808333333333332,0.356782965362072,-0.0128588117659091,0.2956819177164246,0.25,0.1666666666666666,0.5423536981300762,0.3597518079914152,0.3336947646669366,0.196900188922882,0.3432912612333894,0.4463396668434143,0.7099641561508179,0.8189939856529236,0.5582253932952881,0.6756306886672974,0.5120687484741211,0.5120687484741211,12,0.9808333333333332,0.4145086343315514,0.0446143187582492,0.2940216826280137,0.25,0.1666666666666666,0.597297323246797,0.4303678646683693,0.4077652584422718,0.2726459503173828,0.3771657694131136,0.5161342024803162,0.7629908323287964,0.8564459085464478,0.6890904903411865,0.664311408996582,0.5954933166503906,0.5954933166503906
Clinical,20490384,Impact of periodontal disease on quality of life.,11,0.99,0.3521956130862236,-0.0501250065863132,0.2712982895867078,0.2727272727272727,0.1818181818181818,0.5231808102266355,0.3443712331354618,0.3873345464468002,0.1308916397392749,0.4923224732279777,0.4685314893722534,0.5370841026306152,0.5316059589385986,0.4959848523139953,0.8048719167709351,0.4685314893722534,0.4685314893722534,11,0.99,0.412097455188632,0.0087768994271755,0.27101212749985,0.2727272727272727,0.1818181818181818,0.5811242010783065,0.4163605496287346,0.4399244144558906,0.2016508976618448,0.5474449396133423,0.5623552799224854,0.6215697526931763,0.6536450386047363,0.5693525075912476,0.8492183685302734,0.5623552799224854,0.5623552799224854
Clinical,30182639,Propolis as an adjuvant to non-surgical periodontal treatment: a clinical study with salivary anti-oxidant capacity assessment.,11,0.9863636363636364,0.2323400154709816,-0.0281347818672657,0.1885083885250261,0.1818181818181818,0.0909090909090909,0.4301911016756838,0.4706582427024841,0.1739491605096393,0.1643708000580469,0.4189517498016357,0.5400688648223877,0.4634062647819519,0.4655948877334595,0.5115671753883362,0.4732355773448944,0.5082122683525085,0.5816172957420349,11,0.9863636363636364,0.3195463389158249,-0.0464908629655838,0.2386437568651828,0.1818181818181818,0.1818181818181818,0.4615128392522985,0.5095709711313248,0.2503729545407825,0.2562172735730807,0.609715461730957,0.5865482091903687,0.5115565061569214,0.5802096128463745,0.5708267688751221,0.4435312747955322,0.5306328535079956,0.5982646942138672
Clinical,27384040,Efficacy of antimicrobial photodynamic therapy as an adjuvant in periodontal treatment in Down syndrome patients.,13,0.976923076923077,0.3006612037618955,0.0831725299358367,0.1222804738034438,0.1538461538461538,0.1538461538461538,0.4407640282924359,0.4525919258594513,0.3953107595443725,0.3129344522953033,0.3616301715373993,0.7883570194244385,0.5283220410346985,0.6674084663391113,0.4816454648971557,0.4986566007137298,0.6359751224517822,0.6359751224517822,13,0.976923076923077,0.3615992075453202,0.1117713972926139,0.1083943441090868,0.1538461538461538,0.0769230769230769,0.4925100069779616,0.5184545665979385,0.448963770812208,0.3454149554173151,0.4817616144816081,0.7584748268127441,0.6876555681228638,0.7509806156158447,0.5172185897827148,0.6684460639953613,0.6258418560028076,0.6258418560028076
Clinical,28678950,Effect of 1% sodium alendronate in the non-surgical treatment of periodontal intraosseous defects: a 6-month clinical trial.,11,0.9836363636363636,0.3556975046172738,-0.0222898162901401,0.2434747776705395,0.2727272727272727,0.1818181818181818,0.5198565111918882,0.4297207072377205,0.3173961218446493,0.3443311552206675,0.6696263551712036,0.5823555588722229,0.4767910242080688,0.6192384362220764,0.6712802648544312,0.6402321457862854,0.6027106642723083,0.6027106642723083,11,0.9836363636363636,0.4179183661937714,0.0705007910728454,0.2361075827166908,0.2727272727272727,0.1818181818181818,0.575654151764783,0.523452877998352,0.3888090446591377,0.4189536422491073,0.7147042751312256,0.6566433906555176,0.5064632892608643,0.678385853767395,0.6829010248184204,0.6848596334457397,0.7154827117919922,0.7154827117919922
Clinical,35645071,Immediate effects of diode laser (970+/-15 nm) on microbial load in patients with chronic periodontitis: A split-mouth study.,12,0.985,0.2189072758298028,-0.0468718856573104,0.181679062865923,0.1666666666666666,0.0833333333333333,0.4796415326806406,0.427940777502954,0.2281765470450574,0.236023503045241,0.2157390415668487,0.6771253347396851,0.5643652081489563,0.564915657043457,0.5066429972648621,0.4421093761920929,0.6199019551277161,0.6199019551277161,12,0.985,0.3025763183832168,0.0137318819761276,0.1891089715083585,0.25,0.0833333333333333,0.5144401068488756,0.5011994354426861,0.3257302100008184,0.354680672287941,0.2714629396796226,0.7190268635749817,0.5774587988853455,0.6630480885505676,0.5222527980804443,0.3780513405799866,0.7039859890937805,0.7039859890937805
Clinical,36841278,Effect of non-surgical periodontal therapy with adjunct photodynamic therapy on periodontal and glycemic statuses in prediabetic patients with periodontal disease.,15,0.9853333333333336,0.3340179550328425,-0.0900567024946212,0.3020795587012483,0.2,0.1333333333333333,0.4589297257363796,0.4557702708989382,0.4094677823953904,0.176393216387147,0.6859487990538279,0.6727241277694702,0.3927419185638428,0.5095091462135315,0.641897439956665,0.5262056589126587,0.648478627204895,0.648478627204895,15,0.9853333333333336,0.386735949665308,-0.022805992513895,0.2982024540990022,0.2,0.1333333333333333,0.4800280506412188,0.4702064599841833,0.4718628204785861,0.2419353016607818,0.7264050543308258,0.6856783628463745,0.4438040852546692,0.551201343536377,0.6703507304191589,0.5137596130371094,0.6519359350204468,0.6519359350204468
Clinical,37170229,Research efficacy of gaseous ozone therapy as an adjuvant to periodontal treatment on oxidative stress mediators in patients with type 2 diabetes: a randomized clinical trial.,13,0.9492307692307692,0.3706024931743741,-0.055604338645935,0.3116802157468424,0.2307692307692307,0.0769230769230769,0.5709811474841374,0.0218176506459712,0.4315800213000991,0.1390271756798028,0.236421450972557,0.9030547142028807,0.3920395970344543,0.3765150606632232,0.5936498641967773,0.3692522048950195,0.946538269519806,0.946538269519806,13,0.9492307692307692,0.4413197138346731,-0.0004088673740625,0.3043205669321766,0.2307692307692307,0.0769230769230769,0.6172658576844976,0.126826714258641,0.4965310923077843,0.2214235503226518,0.2902699112892151,0.941367506980896,0.4154225885868072,0.4588565826416015,0.6254413723945618,0.4260092377662658,0.9659937620162964,0.9659937620162964
Clinical,25084111,Arterial stiffness and pulse wave reflection are increased in patients suffering from severe periodontitis.,5,0.976,0.7154663801193237,0.6615411043167114,0.0322197778960422,0.2,0.0,0.7699463486671447,0.7030642330646515,0.7463661730289459,,,0.7523888945579529,0.6691440343856812,0.7234692573547363,0.7304890155792236,0.7131142616271973,0.7523888945579529,0.7523888945579529,5,0.976,0.8070327192544937,0.760654091835022,0.0453761017405091,0.2,0.0,0.860104215145111,0.8271655738353729,0.8494817912578583,,,0.8601662516593933,0.74482661485672,0.7627625465393066,0.8552324175834656,0.7909573912620544,0.8601662516593933,0.8601662516593933
Clinical,22694045,Clinical effects of Nd:YAG laser applications during nonsurgical periodontal treatment in smoking and nonsmoking patients with chronic periodontitis.,9,0.9888888888888888,0.3587098941206932,0.2099662721157074,0.1208729785519534,0.2222222222222222,0.0,0.4665853828191757,0.5208412855863571,0.4895213501793997,0.3500903795162837,0.4404099980990092,0.6903271675109863,0.5278247594833374,0.6453136205673218,0.5470113754272461,0.3967504501342773,0.6903271675109863,0.6903271675109863,9,0.9888888888888888,0.3856953009963035,0.1909040510654449,0.1490892128956002,0.1111111111111111,0.0,0.4929269734356138,0.572070986032486,0.4990416126591818,0.3490666498740514,0.4603835145632426,0.7408267259597778,0.635372519493103,0.7288520336151123,0.5577952265739441,0.4579604864120483,0.7408267259597778,0.7408267259597778
Clinical,20843236,Efficacy and safety of adjunctive local moxifloxacin delivery in the treatment of periodontitis.,16,0.98,0.2438207613925139,-0.0221394151449203,0.2004870804420702,0.1875,0.0625,0.364690390531905,0.4813774526119232,0.3511006161570549,0.1962465774267912,0.2475818733374278,,0.641558051109314,0.6591377854347229,,,0.4649959206581116,0.4649959206581116,16,0.98,0.2805249836295843,-0.0173256564885377,0.2077289018642673,0.125,0.0,0.425215334224049,0.4796345978975296,0.3954514722029368,0.2477810064330697,0.2696564063429832,,0.7946990132331848,0.6750240325927734,,,0.5578493475914001,0.5578493475914001
Clinical,37066949,The effect of motivational interviewing based on the transtheoretical model on oral cleaning behavior of patients with periodontitis who have undergone implant restoration.,13,0.9846153846153848,0.2110361045536895,0.0157726537436246,0.2113543699736247,0.0,0.0,0.5024187468851988,0.4331436427310109,0.2613454417071559,0.2175372601797183,0.1506300568580627,0.6866962313652039,0.5713659524917603,0.7184967398643494,0.7192704081535339,0.5293687582015991,0.6000173687934875,0.6000173687934875,13,0.9846153846153848,0.2910004518926143,0.0500474721193313,0.2309572670441431,0.0769230769230769,0.0,0.548316384307467,0.5084923431277275,0.3478468588807366,0.3029410036901633,0.2256708989540735,0.7382787466049194,0.6146929860115051,0.7349056601524353,0.758941650390625,0.504758358001709,0.6902790069580078,0.6902790069580078
Clinical,26932733,Influence of a triclosan toothpaste on periodontopathic bacteria and periodontitis progression in cardiovascular patients: a randomized controlled trial.,16,0.978125,0.2583799163500468,0.0200569406151771,0.1394271828837381,0.1875,0.125,0.3685457725077867,0.4138768184930086,0.3701035540018763,0.2324163640538851,0.3240299115578333,0.3743544220924377,0.4532791972160339,0.6922587156295776,0.4024891257286072,0.2720178961753845,0.5795273184776306,0.5795273184776306,16,0.978125,0.2938462456067403,0.0795945972204208,0.1691594337245735,0.25,0.1875,0.400258025387302,0.4748017117381096,0.3922171422413417,0.2474068790674209,0.3336578756570816,0.4240710437297821,0.4956863522529602,0.7452622652053833,0.4557266533374786,0.3896514773368835,0.6462445855140686,0.6462445855140686
Clinical,27108476,"Systemic Inflammatory Biomarkers and Their Association With Periodontal and Diabetes-Related Factors in the Diabetes and Periodontal Therapy Trial, A Randomized Controlled Trial.",12,0.9758333333333334,0.3218515982682055,-0.0291742235422134,0.1999164810720532,0.1666666666666666,0.0833333333333333,0.4225317699213822,0.5645103603601456,0.3616913401267745,0.1219761607547601,0.358253413438797,,0.5804318189620972,0.5793111324310303,,,0.691430389881134,0.691430389881134,12,0.9758333333333334,0.3536388374526392,0.016878331080079,0.221017543890705,0.1666666666666666,0.0833333333333333,0.4309169558497767,0.5189631879329681,0.3906186680224808,0.1710385059316953,0.3934702515602112,,0.5851683616638184,0.6597211360931396,,,0.6496108770370483,0.6496108770370483
Clinical,26291297,Microbiologic Findings in Relation to Risk Assessment for Periodontal Disease: A Cross-Sectional Study.,11,0.9781818181818184,0.4451265469193458,-0.0070764273405075,0.2751318936354663,0.1818181818181818,0.0909090909090909,0.638930740004236,0.8093905448913574,0.4826083911789788,0.1808178185795744,0.4975394606590271,0.8588129281997681,0.7710532546043396,0.5874475836753845,0.7231603860855103,0.6157169938087463,0.8657864332199097,0.8657864332199097,11,0.9781818181818184,0.4670423410832882,0.0405999645590782,0.2835029575326673,0.1818181818181818,0.0909090909090909,0.6756045144389976,0.8141478300094604,0.5478506949212816,0.2510163448750973,0.5478827555974325,0.8551089763641357,0.8509033918380737,0.6626417636871338,0.7143890857696533,0.745613694190979,0.8579018115997314,0.8579018115997314
Clinical,23866479,The relationship between periodontal disease severity and state-trait anxiety level.,15,0.9873333333333336,0.3628805403464606,-0.0635212734341621,0.3281242651500304,0.2,0.0666666666666666,0.5095809616148472,0.3704200414940715,0.4733254349391375,0.2296942149599393,0.4939772372932306,0.5312142968177795,0.5433868169784546,0.6586114168167114,0.5996198654174805,0.7274633646011353,0.5312142968177795,0.5312142968177795,15,0.9873333333333336,0.4408588048203715,0.0085260057821869,0.301193322398158,0.2666666666666666,0.1333333333333333,0.5407802782331904,0.4174484685063362,0.5193584470876625,0.3005464921394984,0.518224097987903,0.5763015747070312,0.664068341255188,0.751122236251831,0.6460146903991699,0.738784670829773,0.5763015747070312,0.5763015747070312
Clinical,21698987,Clinical effectiveness of a desensitizing system on dentin hypersensitivity in periodontitis patients.,13,0.9823076923076924,0.3205499285832047,0.0237208865582942,0.2503198950964609,0.2307692307692307,0.1538461538461538,0.40047455063233,0.498094692826271,0.387187480353392,0.2114558956984962,0.5494977831840515,,,0.7098509073257446,0.5502166748046875,0.5215085744857788,,,13,0.9823076923076924,0.3784405635669827,0.0332737565040588,0.2646947288801471,0.2307692307692307,0.1538461538461538,0.4706324774485368,0.5286334156990051,0.468244520517496,0.2966059891373983,0.6366585493087769,,,0.7572135925292969,0.6415572166442871,0.5648566484451294,,
Clinical,34409624,Levels of myeloid-related proteins in saliva for screening and monitoring of periodontal disease.,11,0.9772727272727272,0.4010275773238391,9.436113759875298e-05,0.2501412291393997,0.2727272727272727,0.1818181818181818,0.5344950980083509,0.7818085551261902,0.454401895403862,0.3753815268476804,0.4199754893779754,0.7661865949630737,0.6393500566482544,0.7128539085388184,0.6553335189819336,0.5759122967720032,0.7661865949630737,0.7661865949630737,11,0.9772727272727272,0.4694104552268981,0.0394942462444305,0.2601368454212527,0.1818181818181818,0.0909090909090909,0.6317724924195897,0.8323948681354523,0.5307126060128212,0.4919606248537699,0.4770802458127339,0.8181235194206238,0.7656015157699585,0.8007334470748901,0.7726902961730957,0.7225860357284546,0.8181235194206238,0.8181235194206238
Clinical,30338757,Nos3 Gene Rs1799983 and Rs2070744 Polymorphisms in Patients with Periodontal Disease.,11,0.9727272727272728,0.5095642179250717,0.2373344004154205,0.1592709270362122,0.1818181818181818,0.1818181818181818,0.6393633539026434,0.6490547060966492,0.5477421618998051,,0.818384051322937,0.9721319079399108,0.5717361569404602,0.6775514483451843,0.5495591163635254,0.5792447328567505,0.7789269685745239,0.7789269685745239,11,0.9727272727272728,0.5999231472611427,0.2327638119459152,0.1621741626982965,0.0909090909090909,0.0909090909090909,0.665050598708066,0.6670483946800232,0.5905855521559715,,0.8722456693649292,0.9758493900299072,0.620928168296814,0.6696805953979492,0.5800794959068298,0.634292721748352,0.7772587537765503,0.7772587537765503
Clinical,33011399,Effectiveness of single versus multiple sessions of photodynamic therapy as adjunct to scaling and root planing on periodontopathogenic bacteria in patients with periodontitis.,12,0.9833333333333334,0.2702148273925889,0.0277396012097597,0.2211298117016072,0.1666666666666666,0.0833333333333333,0.4263907736167311,0.3627788554877043,0.3424254794689742,0.2157214902341366,0.3711775243282318,0.5037609338760376,0.4795421659946441,0.6600738763809204,0.5409228801727295,0.5985211133956909,0.5037609338760376,0.5037609338760376,12,0.9833333333333334,0.3536750457503579,0.0548298433423042,0.2406321531687341,0.1666666666666666,0.0833333333333333,0.4823432578705251,0.357700158841908,0.4259565310044722,0.3284948140382767,0.3984245049456755,0.4818011522293091,0.5783936977386475,0.7400209903717041,0.5455217361450195,0.7482056021690369,0.4818011522293091,0.4818011522293091
Clinical,27127325,Azithromycin buccal patch in treatment of chronic periodontitis.,11,0.979090909090909,0.2844127185642719,-0.0114473849534988,0.1788137179229079,0.1818181818181818,0.0909090909090909,0.3585076721554452,0.4286442995071411,0.3928857590071857,0.3672446265816688,0.3301398754119873,0.4372414946556091,0.6732912659645081,0.6460500955581665,0.3531941175460815,0.508184015750885,0.4372414946556091,0.4372414946556091,11,0.979090909090909,0.3464732095599174,0.0649223625659942,0.196242991097458,0.1818181818181818,0.0909090909090909,0.4561763764782385,0.4979225099086761,0.4626050412654877,0.477564799785614,0.2735065221786499,0.4898087680339813,0.6565896272659302,0.7024731040000916,0.5696747899055481,0.5068175792694092,0.4898087680339813,0.4898087680339813
